Workbook

Sheet Sheet1
A1: 順豐運單號 | B1: 客戶訂單號 | C1: 訂單狀態 | D1: 下單時間 | E1: 簽收時間 | F1: 訂單總重量 | G1: 包裹總件數 | H1: 簽回單單號 | I1: 寄件方公司 | J1: 寄件方姓名 | K1: 寄件方手機號 | L1: 寄件方固定電話 | M1: 寄件方詳細地址 | N1: 寄件方縣/區 | O1: 寄件方城市 | P1: 寄件方省份 | Q1: 收件方公司 | R1: 收件方姓名 | S1: 收件方手機號 | T1: 收件方固定電話 | U1: 收件方詳細地址 | V1: 收件方城市 | W1: 托寄物 | X1: 下單渠道 | Y1: 下單模塊 | Z1: 寄方備註 | AA1: 付款方式 | AB1: 收件方公司 | AC1: 順豐運單號
A2: SF5117916569145 | B2: Keeta-2026-0701-0001 | C2: 已簽收 | D2: 2026-07-02 11:36:27 | E2: 2026-07-02 19:09 | F2: 2.8 | G2: 1 | J2: keeta | K2: ****57224599 | L2: ****57224599 | M2: ***** 心2808室 | N2: 荔枝角 | O2: 深水埗区 | P2: 香港 | Q2: 721524359 | R2: Jagger | S2: ****95567276 | T2: ****95567276 | U2: ***** 6-30號鋪 | V2: 香港 | W2: POS機+新店禮包 | X2: BSP | Y2: 寄快遞 | AA2: 第三方付 | AB2: =IFERROR(VLOOKUP(Q2&"",對照表!$A:$B,1,FALSE),"") | AC2: =IFERROR(VLOOKUP(Q2&"",對照表!$A:$B,2,FALSE),"")
A3: SF5117916569190 | B3: Keeta-2026-0701-0015 | C3: 已簽收 | D3: 2026-07-02 11:39:14 | E3: 2026-07-02 15:47 | F3: 2.8 | G3: 1 | J3: keeta | K3: ****57224599 | L3: ****57224599 | M3: ***** 心2808室 | N3: 荔枝角 | O3: 深水埗区 | P3: 香港 | Q3: 721522421 | R3: 美味佳（外賣店） | S3: ****61076408 | T3: ****61076408 | U3: ***** 閣G樓1號舖 | V3: 香港 | W3: POS機+新店禮包 | X3: BSP | Y3: 寄快遞 | AA3: 第三方付 | AB3: =IFERROR(VLOOKUP(Q3&"",對照表!$A:$B,1,FALSE),"") | AC3: =IFERROR(VLOOKUP(Q3&"",對照表!$A:$B,2,FALSE),"")
A4: SF5117916569233 | B4: Keeta-2026-0701-0010 | C4: 已簽收 | D4: 2026-07-02 11:41:26 | E4: 2026-07-02 17:28 | F4: 2.8 | G4: 1 | J4: keeta | K4: ****57224599 | L4: ****57224599 | M4: ***** 心2808室 | N4: 荔枝角 | O4: 深水埗区 | P4: 香港 | Q4: 721512392 | R4: E果鮮果店 | S4: ****51378383 | T4: ****51378383 | U4: ***** 市地下D6鋪 | V4: 香港 | W4: POS機+新店禮包 | X4: BSP | Y4: 寄快遞 | AA4: 第三方付 | AB4: =IFERROR(VLOOKUP(Q4&"",對照表!$A:$B,1,FALSE),"") | AC4: =IFERROR(VLOOKUP(Q4&"",對照表!$A:$B,2,FALSE),"")
A5: SF5117916569303 | B5: Keeta-2026-0701-0014 | C5: 已簽收 | D5: 2026-07-02 11:39:03 | E5: 2026-07-02 17:20 | F5: 2.8 | G5: 1 | J5: keeta | K5: ****57224599 | L5: ****57224599 | M5: ***** 心2808室 | N5: 荔枝角 | O5: 深水埗区 | P5: 香港 | Q5: 721527374 | R5: 西貢金雞海南雞GoldenChicken（沙田） | S5: ****61100998 | T5: ****61100998 | U5: ***** eta物資） | V5: 香港 | W5: POS機+新店禮包 | X5: BSP | Y5: 寄快遞 | AA5: 第三方付 | AB5: =IFERROR(VLOOKUP(Q5&"",對照表!$A:$B,1,FALSE),"") | AC5: =IFERROR(VLOOKUP(Q5&"",對照表!$A:$B,2,FALSE),"")
A6: SF5117916569297 | B6: Keeta-2026-0701-0009 | C6: 已簽收 | D6: 2026-07-02 11:41:18 | E6: 2026-07-02 16:45 | F6: 2.8 | G6: 1 | J6: keeta | K6: ****57224599 | L6: ****57224599 | M6: ***** 心2808室 | N6: 荔枝角 | O6: 深水埗区 | P6: 香港 | Q6: 721525425 | R6: 青木食堂 | S6: ****91644427 | T6: ****91644427 | U6: ***** 11樓15室 | V6: 香港 | W6: POS機+新店禮包 | X6: BSP | Y6: 寄快遞 | AA6: 第三方付 | AB6: =IFERROR(VLOOKUP(Q6&"",對照表!$A:$B,1,FALSE),"") | AC6: =IFERROR(VLOOKUP(Q6&"",對照表!$A:$B,2,FALSE),"")
A7: SF5117916569181 | B7: Keeta-2026-0701-0004 | C7: 已簽收 | D7: 2026-07-02 11:37:09 | E7: 2026-07-02 16:57 | F7: 2.8 | G7: 1 | J7: keeta | K7: ****57224599 | L7: ****57224599 | M7: ***** 心2808室 | N7: 荔枝角 | O7: 深水埗区 | P7: 香港 | Q7: 721523398 | R7: MrOppaKitchen | S7: ****94723884 | T7: ****94723884 | U7: ***** 車區餐車一號 | V7: 香港 | W7: POS機+新店禮包 | X7: BSP | Y7: 寄快遞 | AA7: 第三方付 | AB7: =IFERROR(VLOOKUP(Q7&"",對照表!$A:$B,1,FALSE),"") | AC7: =IFERROR(VLOOKUP(Q7&"",對照表!$A:$B,2,FALSE),"")
A8: SF5117916569436 | B8: Keeta-2026-0701-0011 | C8: 已簽收 | D8: 2026-07-02 11:41:37 | E8: 2026-07-02 16:33 | F8: 2.8 | G8: 1 | J8: keeta | K8: ****57224599 | L8: ****57224599 | M8: ***** 心2808室 | N8: 荔枝角 | O8: 深水埗区 | P8: 香港 | Q8: 721529410 | R8: 嚐聚館 | S8: ****69592665 | T8: ****69592665 | U8: ***** 廈15號地鋪 | V8: 香港 | W8: POS機+新店禮包 | X8: BSP | Y8: 寄快遞 | AA8: 第三方付 | AB8: =IFERROR(VLOOKUP(Q8&"",對照表!$A:$B,1,FALSE),"") | AC8: =IFERROR(VLOOKUP(Q8&"",對照表!$A:$B,2,FALSE),"")
A9: SF5117916569163 | B9: Keeta-2026-0701-0003 | C9: 已簽收 | D9: 2026-07-02 11:36:51 | E9: 2026-07-02 19:02 | F9: 2.8 | G9: 1 | J9: keeta | K9: ****57224599 | L9: ****57224599 | M9: ***** 心2808室 | N9: 荔枝角 | O9: 深水埗区 | P9: 香港 | Q9: 721526404 | R9: 香姐美食 | S9: ****56118898 | T9: ****56118898 | U9: ***** 磡明安街8號 | V9: 香港 | W9: POS機+新店禮包 | X9: BSP | Y9: 寄快遞 | AA9: 第三方付 | AB9: =IFERROR(VLOOKUP(Q9&"",對照表!$A:$B,1,FALSE),"") | AC9: =IFERROR(VLOOKUP(Q9&"",對照表!$A:$B,2,FALSE),"")
A10: SF5117916570040 | B10: Keeta-2026-0701-0019 | C10: 已簽收 | D10: 2026-07-02 11:38:27 | E10: 2026-07-02 17:14 | F10: 2.8 | G10: 1 | J10: keeta | K10: ****57224599 | L10: ****57224599 | M10: ***** 心2808室 | N10: 荔枝角 | O10: 深水埗区 | P10: 香港 | Q10: 721517395 | R10: 有膳餐廳（利奧坊） | S10: ****63026760 | T10: ****63026760 | U10: ***** 9-910鋪 | V10: 香港 | W10: POS機+新店禮包 | X10: BSP | Y10: 寄快遞 | AA10: 第三方付 | AB10: =IFERROR(VLOOKUP(Q10&"",對照表!$A:$B,1,FALSE),"") | AC10: =IFERROR(VLOOKUP(Q10&"",對照表!$A:$B,2,FALSE),"")
A11: SF5117916570086 | B11: Keeta-2026-0701-0007 | C11: 已簽收 | D11: 2026-07-02 11:40:59 | E11: 2026-07-02 15:36 | F11: 2.8 | G11: 1 | J11: keeta | K11: ****57224599 | L11: ****57224599 | M11: ***** 心2808室 | N11: 荔枝角 | O11: 深水埗区 | P11: 香港 | Q11: 721530405 | R11: PROSPERITY | S11: ****69933224 | T11: ****69933224 | U11: ***** 6室A4部份 | V11: 香港 | W11: POS機+新店禮包 | X11: BSP | Y11: 寄快遞 | AA11: 第三方付 | AB11: =IFERROR(VLOOKUP(Q11&"",對照表!$A:$B,1,FALSE),"") | AC11: =IFERROR(VLOOKUP(Q11&"",對照表!$A:$B,2,FALSE),"")
A12: SF5117916570156 | B12: Keeta-2026-0701-0002 | C12: 已簽收 | D12: 2026-07-02 11:36:36 | E12: 2026-07-02 19:43 | F12: 2.8 | G12: 1 | J12: keeta | K12: ****57224599 | L12: ****57224599 | M12: ***** 心2808室 | N12: 荔枝角 | O12: 深水埗区 | P12: 香港 | Q12: 721522413 | R12: CatchA首爾炸雞（新浦崗分店） | S12: ****66833331 | T12: ****66833331 | U12: ***** 負責人收到） | V12: 香港 | W12: POS機+新店禮包 | X12: BSP | Y12: 寄快遞 | AA12: 第三方付 | AB12: =IFERROR(VLOOKUP(Q12&"",對照表!$A:$B,1,FALSE),"") | AC12: =IFERROR(VLOOKUP(Q12&"",對照表!$A:$B,2,FALSE),"")
A13: SF5117916570253 | B13: Keeta-2026-0701-0008 | C13: 已簽收 | D13: 2026-07-02 11:41:09 | E13: 2026-07-03 10:40 | F13: 2.8 | G13: 1 | J13: keeta | K13: ****57224599 | L13: ****57224599 | M13: ***** 心2808室 | N13: 荔枝角 | O13: 深水埗区 | P13: 香港 | Q13: 721531396 | R13: 哥哥炸雞（火炭店） | S13: ****92799551 | T13: ****92799551 | U13: ***** B室B9部份 | V13: 香港 | W13: POS機+新店禮包 | X13: BSP | Y13: 寄快遞 | AA13: 第三方付 | AB13: =IFERROR(VLOOKUP(Q13&"",對照表!$A:$B,1,FALSE),"") | AC13: =IFERROR(VLOOKUP(Q13&"",對照表!$A:$B,2,FALSE),"")
... A20: SF5117916570978 | B20: Keeta-2026-0701-0012 | C20: 已簽收 | D20: 2026-07-02 11:38:41 | E20: 2026-07-02 14:33 | F20: 2.8 | G20: 1 | J20: keeta | K20: ****57224599 | L20: ****57224599 | M20: ***** 心2808室 | N20: 荔枝角 | O20: 深水埗区 | P20: 香港 | Q20: 721525415 | R20: 美羅 | S20: ****3210 | T20: ****3210 | U20: ***** OAD KL | V20: 香港 | W20: POS機+新店禮包 | X20: BSP | Y20: 寄快遞 | AA20: 第三方付 | AB20: =IFERROR(VLOOKUP(Q20&"",對照表!$A:$B,1,FALSE),"") | AC20: =IFERROR(VLOOKUP(Q20&"",對照表!$A:$B,2,FALSE),"")
A21: SF5118416341536 | B21: Keeta-2026-0701-0021 | C21: 派送中 | D21: 2026-07-02 11:37:49 | F21: 2.8 | G21: 1 | J21: keeta | K21: ****57224599 | L21: ****57224599 | M21: ***** 心2808室 | N21: 荔枝角 | O21: 深水埗区 | P21: 香港 | Q21: 721540401 | R21: CatchA首爾炸雞（新浦崗分店） | S21: ****28902139 | T21: ****28902139 | U21: ***** 9-20 舖 | V21: 香港 | W21: POS機+新店禮包 | X21: BSP | Y21: 寄快遞 | AA21: 第三方付 | AB21: =IFERROR(VLOOKUP(Q21&"",對照表!$A:$B,1,FALSE),"") | AC21: =IFERROR(VLOOKUP(Q21&"",對照表!$A:$B,2,FALSE),"")
A22: SF5118416341679 | B22: Keeta-2026-0701-0020 | C22: 已簽收 | D22: 2026-07-02 11:37:37 | E22: 2026-07-03 12:22 | F22: 2.8 | G22: 1 | J22: keeta | K22: ****57224599 | L22: ****57224599 | M22: ***** 心2808室 | N22: 荔枝角 | O22: 深水埗区 | P22: 香港 | Q22: 721517401 | R22: COMEBUYTEA(啟德SOGO) | S22: ****28976098 | T22: ****28976098 | U22: ***** G60 舖 | V22: 香港 | W22: POS機+新店禮包 | X22: BSP | Y22: 寄快遞 | AA22: 第三方付 | AB22: =IFERROR(VLOOKUP(Q22&"",對照表!$A:$B,1,FALSE),"") | AC22: =IFERROR(VLOOKUP(Q22&"",對照表!$A:$B,2,FALSE),"")
A23: SF5119115815812 | B23: 58424106156048 | C23: 已簽收 | D23: 2026-07-02 16:58:07 | E23: 2026-07-03 10:40 | F23: 14.5 | G23: 1 | J23: Keeta | K23: ****9568 | M23: ***** 物流中心5樓 | N23: 北区 | O23: 香港 | P23: 香港特别行政区 | Q23: 721531396 | R23: 哥哥炸雞 （火炭店） | S23: ****9551 | T23: ****9551 | U23: ***** B室B9部份 | V23: 香港 | W23: 纸袋【通版】/ 箱出 | X23: ESS-SFTS-OTMS | AA23: 寄付月結 | AB23: =IFERROR(VLOOKUP(Q23&"",對照表!$A:$B,1,FALSE),"") | AC23: =IFERROR(VLOOKUP(Q23&"",對照表!$A:$B,2,FALSE),"")
A24: SF5119115815894 | B24: 58424106156064 | C24: 已簽收 | D24: 2026-07-02 15:15:37 | E24: 2026-07-03 13:44 | F24: 2.36 | G24: 1 | J24: Keeta | K24: ****9568 | M24: ***** 物流中心5樓 | N24: 北区 | O24: 香港 | P24: 香港特别行政区 | Q24: 721518383 | R24: 珍珍泰國菜（德田邨) Jane Thai Food | S24: ****55655926 | T24: ****55655926 | U24: ***** 下M61號檔 | V24: 香港 | W24: 机纸/小票纸 / 包出 | X24: ESS-SFTS-OTMS | AA24: 寄付月結 | AB24: =IFERROR(VLOOKUP(Q24&"",對照表!$A:$B,1,FALSE),"") | AC24: =IFERROR(VLOOKUP(Q24&"",對照表!$A:$B,2,FALSE),"")
A25: SF5119115816298 | B25: 58424106156143 | C25: 已簽收 | D25: 2026-07-02 15:42:49 | E25: 2026-07-03 11:14 | F25: 14.5 | G25: 1 | J25: Keeta | K25: ****9568 | M25: ***** 物流中心5樓 | N25: 北区 | O25: 香港 | P25: 香港特别行政区 | Q25: 721527374 | R25: 西貢金雞海南雞 Golden Chicken （沙田） | S25: ****1100998 | T25: ****1100998 | U25: ***** eta物資） | V25: 香港 | W25: 纸袋【通版】/ 箱出 | X25: ESS-SFTS-OTMS | AA25: 寄付月結 | AB25: =IFERROR(VLOOKUP(Q25&"",對照表!$A:$B,1,FALSE),"") | AC25: =IFERROR(VLOOKUP(Q25&"",對照表!$A:$B,2,FALSE),"")
A26: SF5119115816094 | B26: 58424106156105 | C26: 已簽收 | D26: 2026-07-02 15:42:50 | E26: 2026-07-03 10:05 | F26: 14.5 | G26: 1 | J26: Keeta | K26: ****9568 | M26: ***** 物流中心5樓 | N26: 北区 | O26: 香港 | P26: 香港特别行政区 | Q26: 721526404 | R26: 香姐美食 | S26: ****6118898 | T26: ****6118898 | U26: ***** 磡明安街8號 | V26: 香港 | W26: 纸袋【通版】/ 箱出 | X26: ESS-SFTS-OTMS | AA26: 寄付月結 | AB26: =IFERROR(VLOOKUP(Q26&"",對照表!$A:$B,1,FALSE),"") | AC26: =IFERROR(VLOOKUP(Q26&"",對照表!$A:$B,2,FALSE),"")
A27: SF5119115816340 | B27: 58424106156155 | C27: 已簽收 | D27: 2026-07-02 14:35:24 | E27: 2026-07-03 09:42 | F27: 2.8 | G27: 1 | J27: Keeta | K27: ****9568 | M27: ***** 物流中心5樓 | N27: 北区 | O27: 香港 | P27: 香港特别行政区 | Q27: 496228 | R27: 華星冰室（大埔） | S27: ****26767788 | T27: ****26767788 | U27: ***** 地下31號舖 | V27: 香港 | W27: 机纸/小票纸 / 包出 | X27: ESS-SFTS-OTMS | AA27: 寄付月結 | AB27: =IFERROR(VLOOKUP(Q27&"",對照表!$A:$B,1,FALSE),"") | AC27: =IFERROR(VLOOKUP(Q27&"",對照表!$A:$B,2,FALSE),"")
A28: SF5119115815830 | B28: 58424106156052 | C28: 已簽收 | D28: 2026-07-02 14:17:02 | E28: 2026-07-03 16:45 | F28: 4.45 | G28: 1 | J28: Keeta | K28: ****9568 | M28: ***** 物流中心5樓 | N28: 北区 | O28: 香港 | P28: 香港特别行政区 | Q28: 721519373 | R28: 家之味 Wealthy Poon Choi | S28: ****67654019 | T28: ****67654019 | U28: ***** ng, NT | V28: 香港 | W28: 机纸/小票纸 / 包出 | X28: ESS-SFTS-OTMS | AA28: 寄付月結 | AB28: =IFERROR(VLOOKUP(Q28&"",對照表!$A:$B,1,FALSE),"") | AC28: =IFERROR(VLOOKUP(Q28&"",對照表!$A:$B,2,FALSE),"")
A29: SF5119115816377 | B29: 58424106156161 | C29: 已簽收 | D29: 2026-07-02 15:15:32 | E29: 2026-07-03 13:31 | F29: 1.5 | G29: 1 | J29: Keeta | K29: ****9568 | M29: ***** 物流中心5樓 | N29: 北区 | O29: 香港 | P29: 香港特别行政区 | Q29: 596288 | R29: PizzaHut必勝客(天晉滙) | S29: ****29760076 | T29: ****29760076 | U29: ***** 下G06號舖 | V29: 香港 | W29: 机纸/小票纸 / 包出 | X29: ESS-SFTS-OTMS | AA29: 寄付月結 | AB29: =IFERROR(VLOOKUP(Q29&"",對照表!$A:$B,1,FALSE),"") | AC29: =IFERROR(VLOOKUP(Q29&"",對照表!$A:$B,2,FALSE),"")
A30: SF5119115815973 | B30: 58424106156080 | C30: 已簽收 | D30: 2026-07-02 16:58:06 | E30: 2026-07-03 09:33 | F30: 14.5 | G30: 1 | J30: Keeta | K30: ****9568 | M30: ***** 物流中心5樓 | N30: 北区 | O30: 香港 | P30: 香港特别行政区 | Q30: 721539388 | R30: KPI便當【打工仔首選飯盒滋味便當新鮮健康沙律】 | S30: ****5999941 | T30: ****5999941 | U30: ***** 2期3樓E室 | V30: 香港 | W30: 纸袋【通版】/ 箱出 | X30: ESS-SFTS-OTMS | AA30: 寄付月結 | AB30: =IFERROR(VLOOKUP(Q30&"",對照表!$A:$B,1,FALSE),"") | AC30: =IFERROR(VLOOKUP(Q30&"",對照表!$A:$B,2,FALSE),"")
A31: SF5119115816076 | B31: 58424106156100 | C31: 已簽收 | D31: 2026-07-02 15:42:51 | E31: 2026-07-03 13:30 | F31: 14.5 | G31: 1 | J31: Keeta | K31: ****9568 | M31: ***** 物流中心5樓 | N31: 北区 | O31: 香港 | P31: 香港特别行政区 | Q31: 721540398 | R31: 阿爸韓食店 | S31: ****5668 | T31: ****5668 | U31: ***** 樓地下2B鋪 | V31: 香港 | W31: 纸袋【通版】/ 箱出 | X31: ESS-SFTS-OTMS | AA31: 寄付月結 | AB31: =IFERROR(VLOOKUP(Q31&"",對照表!$A:$B,1,FALSE),"") | AC31: =IFERROR(VLOOKUP(Q31&"",對照表!$A:$B,2,FALSE),"")
A32: SF5119115816261 | B32: 58424106156139 | C32: 已簽收 | D32: 2026-07-02 17:02:19 | E32: 2026-07-03 10:01 | F32: 6.18 | G32: 1 | J32: Keeta | K32: ****9568 | M32: ***** 物流中心5樓 | N32: 北区 | O32: 香港 | P32: 香港特别行政区 | Q32: 468524 | R32: 十三姨酸菜魚(置富都會) | S32: ****28980100 | T32: ****28980100 | U32: ***** 樓751號舖 | V32: 香港 | W32: 机纸/小票纸 / 包出, 封签【通版】/ 扎出 | X32: ESS-SFTS-OTMS | AA32: 寄付月結 | AB32: =IFERROR(VLOOKUP(Q32&"",對照表!$A:$B,1,FALSE),"") | AC32: =IFERROR(VLOOKUP(Q32&"",對照表!$A:$B,2,FALSE),"")
A33: SF5119115816155 | B33: 58424106156116 | C33: 已簽收 | D33: 2026-07-02 14:43:17 | E33: 2026-07-03 13:49 | F33: 1.1 | G33: 1 | J33: Keeta | K33: ****9568 | M33: ***** 物流中心5樓 | N33: 北区 | O33: 香港 | P33: 香港特别行政区 | Q33: 606164 | R33: Terraceinseaside(AIRSIDE) | S33: ****23301398 | T33: ****23301398 | U33: ***** L604號舖 | V33: 香港 | W33: 机纸/小票纸 / 包出 | X33: ESS-SFTS-OTMS | AA33: 寄付月結 | AB33: =IFERROR(VLOOKUP(Q33&"",對照表!$A:$B,1,FALSE),"") | AC33: =IFERROR(VLOOKUP(Q33&"",對照表!$A:$B,2,FALSE),"")
A34: SF5119115815821 | B34: 58424106156051 | C34: 已簽收 | D34: 2026-07-02 16:58:08 | E34: 2026-07-03 12:02 | F34: 14.5 | G34: 1 | J34: Keeta | K34: ****9568 | M34: ***** 物流中心5樓 | N34: 北区 | O34: 香港 | P34: 香港特别行政区 | Q34: 721542349 | R34: Library Restaurant and Bar | S34: ****3650 | T34: ****3650 | U34: ***** 文遜大廈3樓 | V34: 香港 | W34: 纸袋【通版】/ 箱出 | X34: ESS-SFTS-OTMS | AA34: 寄付月結 | AB34: =IFERROR(VLOOKUP(Q34&"",對照表!$A:$B,1,FALSE),"") | AC34: =IFERROR(VLOOKUP(Q34&"",對照表!$A:$B,2,FALSE),"")
... A50: SF5119115815724 | B50: 58424106123276 | C50: 已簽收 | D50: 2026-07-02 15:44:10 | E50: 2026-07-03 13:38 | F50: 29 | G50: 2 | J50: Keeta | K50: ****9568 | M50: ***** 物流中心5樓 | N50: 北区 | O50: 香港 | P50: 香港特别行政区 | Q50: 721512368 | R50: 麥當勞 (樂意居) McDonald&apos;s McDonald&apos;s (Delight Court) | S50: ****27697811 | T50: ****27697811 | U50: ***** 舖及一樓全層 | V50: 香港 | W50: 纸袋【通版】/ 箱出 | X50: ESS-SFTS-OTMS | AA50: 寄付月結 | AB50: =IFERROR(VLOOKUP(Q50&"",對照表!$A:$B,1,FALSE),"") | AC50: =IFERROR(VLOOKUP(Q50&"",對照表!$A:$B,2,FALSE),"")
A51: SF5119115815706 | B51: 58424106123272 | C51: 派送中 | D51: 2026-07-02 17:03:20 | F51: 2.56 | G51: 1 | J51: Keeta | K51: ****9568 | M51: ***** 物流中心5樓 | N51: 北区 | O51: 香港 | P51: 香港特别行政区 | Q51: 721522291 | R51: McDonald&apos;s (Trend Plaza II) | S51: ****51801980 | T51: ****51801980 | U51: ***** 下W32號舖 | V51: 香港 | W51: 塑料袋【大】/ 扎出 | X51: ESS-SFTS-OTMS | AA51: 寄付月結 | AB51: =IFERROR(VLOOKUP(Q51&"",對照表!$A:$B,1,FALSE),"") | AC51: =IFERROR(VLOOKUP(Q51&"",對照表!$A:$B,2,FALSE),"")
A52: SF5119115816012 | B52: 58424106156088 | C52: 已簽收 | D52: 2026-07-02 15:47:43 | E52: 2026-07-03 12:01 | F52: 58 | G52: 4 | J52: Keeta | K52: ****9568 | M52: ***** 物流中心5樓 | N52: 北区 | O52: 香港 | P52: 香港特别行政区 | Q52: 571619 | R52: 麥當勞(樂華)McDonalds | S52: ****23051384 | T52: ****23051384 | U52: ***** 場310號舖 | V52: 香港 | W52: 纸袋【通版】/ 箱出 | X52: ESS-SFTS-OTMS | AA52: 寄付月結 | AB52: =IFERROR(VLOOKUP(Q52&"",對照表!$A:$B,1,FALSE),"") | AC52: =IFERROR(VLOOKUP(Q52&"",對照表!$A:$B,2,FALSE),"")
A53: SF5119115816419 | B53: 58424106156168 | C53: 已簽收 | D53: 2026-07-02 15:42:48 | E53: 2026-07-04 13:28 | F53: 14.5 | G53: 1 | J53: Keeta | K53: ****9568 | M53: ***** 物流中心5樓 | N53: 北区 | O53: 香港 | P53: 香港特别行政区 | Q53: 20260702 | R53: COMEBUYTEA(啟德SOGO) | S53: ****2139 | T53: ****2139 | U53: ***** 9-20 舖 | V53: 香港 | W53: 纸袋【通版】/ 箱出 | X53: ESS-SFTS-OTMS | AA53: 寄付月結 | AB53: =IFERROR(VLOOKUP(Q53&"",對照表!$A:$B,1,FALSE),"") | AC53: =IFERROR(VLOOKUP(Q53&"",對照表!$A:$B,2,FALSE),"")
A54: SF5119115815937 | B54: 58424106156072 | C54: 已簽收 | D54: 2026-07-02 17:01:31 | E54: 2026-07-03 13:06 | F54: 73.22 | G54: 6 | J54: Keeta | K54: ****9568 | M54: ***** 物流中心5樓 | N54: 北区 | O54: 香港 | P54: 香港特别行政区 | Q54: 491642 | R54: 麥當勞(頌安)McDonalds | S54: ****26334380 | T54: ****26334380 | U54: ***** 安商場6號舖 | V54: 香港 | W54: 纸袋【通版】/ 箱出, 机纸/小票纸 / 包出 | X54: ESS-SFTS-OTMS | AA54: 寄付月結 | AB54: =IFERROR(VLOOKUP(Q54&"",對照表!$A:$B,1,FALSE),"") | AC54: =IFERROR(VLOOKUP(Q54&"",對照表!$A:$B,2,FALSE),"")
A55: SF5119115816003 | B55: 58424106156087 | C55: 已簽收 | D55: 2026-07-02 15:42:52 | E55: 2026-07-03 11:08 | F55: 14.5 | G55: 1 | J55: Keeta | K55: ****9568 | M55: ***** 物流中心5樓 | N55: 北区 | O55: 香港 | P55: 香港特别行政区 | Q55: 721529405 | R55: 弼哈海南雞(九龍灣全新推薦, 高質海南雞, 香料全部進口) | S55: ****4119 | T55: ****4119 | U55: ***** 1樓8號鋪 | V55: 香港 | W55: 纸袋【通版】/ 箱出 | X55: ESS-SFTS-OTMS | AA55: 寄付月結 | AB55: =IFERROR(VLOOKUP(Q55&"",對照表!$A:$B,1,FALSE),"") | AC55: =IFERROR(VLOOKUP(Q55&"",對照表!$A:$B,2,FALSE),"")
A56: SF5119115815788 | B56: 58424106156043 | C56: 已簽收 | D56: 2026-07-02 15:44:07 | E56: 2026-07-03 09:00 | F56: 29 | G56: 2 | J56: Keeta | K56: ****9568 | M56: ***** 物流中心5樓 | N56: 北区 | O56: 香港 | P56: 香港特别行政区 | Q56: 596292 | R56: 麥當勞(皇后大道中)McDonalds | S56: ****25418667 | T56: ****25418667 | U56: ***** 2A&2B舖 | V56: 香港 | W56: 纸袋【通版】/ 箱出 | X56: ESS-SFTS-OTMS | AA56: 寄付月結 | AB56: =IFERROR(VLOOKUP(Q56&"",對照表!$A:$B,1,FALSE),"") | AC56: =IFERROR(VLOOKUP(Q56&"",對照表!$A:$B,2,FALSE),"")
A57: SF5119115815964 | B57: 58424106156078 | C57: 已簽收 | D57: 2026-07-02 16:58:05 | E57: 2026-07-03 09:22 | F57: 14.5 | G57: 1 | J57: Keeta | K57: ****9568 | M57: ***** 物流中心5樓 | N57: 北区 | O57: 香港 | P57: 香港特别行政区 | Q57: 721525425 | R57: 青木食堂 | S57: ****4427 | T57: ****4427 | U57: ***** 11樓15室 | V57: 香港 | W57: 纸袋【通版】/ 箱出 | X57: ESS-SFTS-OTMS | AA57: 寄付月結 | AB57: =IFERROR(VLOOKUP(Q57&"",對照表!$A:$B,1,FALSE),"") | AC57: =IFERROR(VLOOKUP(Q57&"",對照表!$A:$B,2,FALSE),"")
A58: SF5119115815919 | B58: 58424106156069 | C58: 已簽收 | D58: 2026-07-02 15:42:52 | E58: 2026-07-03 10:30 | F58: 14.5 | G58: 1 | J58: Keeta | K58: ****9568 | M58: ***** 物流中心5樓 | N58: 北区 | O58: 香港 | P58: 香港特别行政区 | Q58: 721523398 | R58: Mr Oppa Kitchen | S58: ****4723884 | T58: ****4723884 | U58: ***** 車區餐車一號 | V58: 香港 | W58: 纸袋【通版】/ 箱出 | X58: ESS-SFTS-OTMS | AA58: 寄付月結 | AB58: =IFERROR(VLOOKUP(Q58&"",對照表!$A:$B,1,FALSE),"") | AC58: =IFERROR(VLOOKUP(Q58&"",對照表!$A:$B,2,FALSE),"")
A59: SF5119115816182 | B59: 58424106156125 | C59: 已簽收 | D59: 2026-07-02 14:20:09 | E59: 2026-07-03 12:45 | F59: 4.45 | G59: 1 | J59: Keeta | K59: ****9568 | M59: ***** 物流中心5樓 | N59: 北区 | O59: 香港 | P59: 香港特别行政区 | Q59: 608024 | R59: 秋田冰室（調景嶺店） | S59: ****67371100 | T59: ****67371100 | U59: ***** N O,NT | V59: 香港 | W59: 机纸/小票纸 / 包出 | X59: ESS-SFTS-OTMS | AA59: 寄付月結 | AB59: =IFERROR(VLOOKUP(Q59&"",對照表!$A:$B,1,FALSE),"") | AC59: =IFERROR(VLOOKUP(Q59&"",對照表!$A:$B,2,FALSE),"")
A60: SF5119115816058 | B60: 58424106156097 | C60: 已簽收 | D60: 2026-07-02 14:20:10 | E60: 2026-07-03 09:39 | F60: 4.45 | G60: 1 | J60: Keeta | K60: ****9568 | M60: ***** 物流中心5樓 | N60: 北区 | O60: 香港 | P60: 香港特别行政区 | Q60: 491448 | R60: KFC肯德基(家維邨商場) | S60: ****27961211 | T60: ****27961211 | U60: ***** 及LG5號舖 | V60: 香港 | W60: 机纸/小票纸 / 包出 | X60: ESS-SFTS-OTMS | AA60: 寄付月結 | AB60: =IFERROR(VLOOKUP(Q60&"",對照表!$A:$B,1,FALSE),"") | AC60: =IFERROR(VLOOKUP(Q60&"",對照表!$A:$B,2,FALSE),"")
A61: SF5119115816359 | B61: 58424106156157 | C61: 已簽收 | D61: 2026-07-02 15:44:12 | E61: 2026-07-03 13:39 | F61: 29 | G61: 2 | J61: Keeta | K61: ****9568 | M61: ***** 物流中心5樓 | N61: 北区 | O61: 香港 | P61: 香港特别行政区 | Q61: 475184 | R61: 麥當勞(新達廣場II)McDonalds | S61: ****26529900 | T61: ****26529900 | U61: ***** -085號舖 | V61: 香港 | W61: 纸袋【通版】/ 箱出 | X61: ESS-SFTS-OTMS | AA61: 寄付月結 | AB61: =IFERROR(VLOOKUP(Q61&"",對照表!$A:$B,1,FALSE),"") | AC61: =IFERROR(VLOOKUP(Q61&"",對照表!$A:$B,2,FALSE),"")
A62: SF5119115815885 | B62: 58424106156062 | C62: 已簽收 | D62: 2026-07-02 14:43:25 | E62: 2026-07-03 11:06 | F62: 0.67 | G62: 1 | J62: Keeta | K62: ****9568 | M62: ***** 物流中心5樓 | N62: 北区 | O62: 香港 | P62: 香港特别行政区 | Q62: 455557 | R62: 一口齊格仔餅雞蛋仔專門店 | S62: ****55463069 | T62: ****55463069 | U62: ***** 號地下3號舖 | V62: 香港 | W62: 机纸/小票纸 / 包出 | X62: ESS-SFTS-OTMS | AA62: 寄付月結 | AB62: =IFERROR(VLOOKUP(Q62&"",對照表!$A:$B,1,FALSE),"") | AC62: =IFERROR(VLOOKUP(Q62&"",對照表!$A:$B,2,FALSE),"")
A63: SF5119115816234 | B63: 58424106156132 | C63: 已簽收 | D63: 2026-07-02 15:43:10 | E63: 2026-07-03 18:26 | F63: 72.5 | G63: 5 | J63: Keeta | K63: ****9568 | M63: ***** 物流中心5樓 | N63: 北区 | O63: 香港 | P63: 香港特别行政区 | Q63: 491487 | R63: 麥當勞(元朗南)McDonalds | S63: ****24430738 | T63: ****24430738 | U63: ***** 下1&11舖 | V63: 香港 | W63: 纸袋【通版】/ 箱出 | X63: ESS-SFTS-OTMS | AA63: 寄付月結 | AB63: =IFERROR(VLOOKUP(Q63&"",對照表!$A:$B,1,FALSE),"") | AC63: =IFERROR(VLOOKUP(Q63&"",對照表!$A:$B,2,FALSE),"")
... A263: SF5119115816207 | B263: 58424106156129 | C263: 已簽收 | D263: 2026-07-02 17:56:36 | E263: 2026-07-03 13:45 | F263: 1 | G263: 1 | J263: Keeta | K263: ****9568 | M263: ***** 物流中心5樓 | N263: 北区 | O263: 香港 | P263: 香港特别行政区 | Q263: 97200919 | R263: 樂園魚蛋專家 (藍田店)歷史品牌純手工香港製造 | S263: ****0919 | T263: ****0919 | U263: ***** &M65號舖 | V263: 香港 | W263: 翻新POS机【真唯】/ 件出 | X263: ESS-SFTS-OTMS | AA263: 寄付月結 | AB263: =IFERROR(VLOOKUP(Q263&"",對照表!$A:$B,1,FALSE),"") | AC263: =IFERROR(VLOOKUP(Q263&"",對照表!$A:$B,2,FALSE),"")
A264: SF5117719548743 | B264: Keeta-2026-0703-0008 | C264: 已簽收 | D264: 2026-07-03 11:32:46 | E264: 2026-07-04 11:35 | F264: 2.8 | G264: 1 | J264: keeta | K264: ****57224599 | L264: ****57224599 | M264: ***** 心2808室 | N264: 荔枝角 | O264: 深水埗区 | P264: 香港 | Q264: 721522415 | R264: 十里豬扒酸辣米線（葵興店） | S264: ****95534170 | T264: ****95534170 | U264: ***** 地下28號鋪 | V264: 香港 | W264: POS機+新店禮包 | X264: BSP | Y264: 寄快遞 | AA264: 第三方付 | AB264: =IFERROR(VLOOKUP(Q264&"",對照表!$A:$B,1,FALSE),"") | AC264: =IFERROR(VLOOKUP(Q264&"",對照表!$A:$B,2,FALSE),"")
A265: SF5117719548725 | B265: Keeta-2026-0703-0001 | C265: 已簽收 | D265: 2026-07-03 11:33:15 | E265: 2026-07-03 17:51 | F265: 2.8 | G265: 1 | J265: keeta | K265: ****57224599 | L265: ****57224599 | M265: ***** 心2808室 | N265: 荔枝角 | O265: 深水埗区 | P265: 香港 | Q265: 721535392 | R265: 同樂鮮味 | S265: ****97913316 | T265: ****97913316 | U265: ***** 街金華樓J鋪 | V265: 香港 | W265: POS機+新店禮包 | X265: BSP | Y265: 寄快遞 | AA265: 第三方付 | AB265: =IFERROR(VLOOKUP(Q265&"",對照表!$A:$B,1,FALSE),"") | AC265: =IFERROR(VLOOKUP(Q265&"",對照表!$A:$B,2,FALSE),"")
A266: SF5117719548707 | B266: Keeta-2026-0703-0011 | C266: 已簽收 | D266: 2026-07-03 11:32:18 | E266: 2026-07-03 18:07 | F266: 2.8 | G266: 1 | J266: keeta | K266: ****57224599 | L266: ****57224599 | M266: ***** 心2808室 | N266: 荔枝角 | O266: 深水埗区 | P266: 香港 | Q266: 721514395 | R266: 大丼食堂 | S266: ****68861001 | T266: ****68861001 | U266: ***** 6A G/F | V266: 香港 | W266: POS機+新店禮包 | X266: BSP | Y266: 寄快遞 | AA266: 第三方付 | AB266: =IFERROR(VLOOKUP(Q266&"",對照表!$A:$B,1,FALSE),"") | AC266: =IFERROR(VLOOKUP(Q266&"",對照表!$A:$B,2,FALSE),"")
A267: SF5117719548692 | B267: Keeta-2026-0703-0009 | C267: 已簽收 | D267: 2026-07-03 11:32:55 | E267: 2026-07-03 17:20 | F267: 2.8 | G267: 1 | J267: keeta | K267: ****57224599 | L267: ****57224599 | M267: ***** 心2808室 | N267: 荔枝角 | O267: 深水埗区 | P267: 香港 | Q267: 721518384 | R267: 華記粉麵雲餃店 | S267: ****62270999 | T267: ****62270999 | U267: ***** 街22號地下 | V267: 香港 | W267: POS機+新店禮包 | X267: BSP | Y267: 寄快遞 | AA267: 第三方付 | AB267: =IFERROR(VLOOKUP(Q267&"",對照表!$A:$B,1,FALSE),"") | AC267: =IFERROR(VLOOKUP(Q267&"",對照表!$A:$B,2,FALSE),"")
A268: SF5117719548770 | B268: Keeta-2026-0703-0003 | C268: 已簽收 | D268: 2026-07-03 11:33:48 | E268: 2026-07-03 17:40 | F268: 2.8 | G268: 1 | J268: keeta | K268: ****57224599 | L268: ****57224599 | M268: ***** 心2808室 | N268: 荔枝角 | O268: 深水埗区 | P268: 香港 | Q268: 721537399 | R268: 粒粒雪糕 (MOKO) | S268: ****66287842 | T268: ****66287842 | U268: ***** 樓357B舖 | V268: 香港 | W268: POS機+新店禮包 | X268: BSP | Y268: 寄快遞 | AA268: 第三方付 | AB268: =IFERROR(VLOOKUP(Q268&"",對照表!$A:$B,1,FALSE),"") | AC268: =IFERROR(VLOOKUP(Q268&"",對照表!$A:$B,2,FALSE),"")
A269: SF5117719548938 | B269: Keeta-2026-0703-0002 | C269: 已簽收 | D269: 2026-07-03 11:33:25 | E269: 2026-07-04 12:10 | F269: 2.8 | G269: 1 | J269: keeta | K269: ****57224599 | L269: ****57224599 | M269: ***** 心2808室 | N269: 荔枝角 | O269: 深水埗区 | P269: 香港 | Q269: 721542400 | R269: 金浦食堂 (觀塘店) | S269: ****3102 | T269: ****3102 | U269: ***** 下G22號舖 | V269: 香港 | W269: POS機+新店禮包 | X269: BSP | Y269: 寄快遞 | AA269: 第三方付 | AB269: =IFERROR(VLOOKUP(Q269&"",對照表!$A:$B,1,FALSE),"") | AC269: =IFERROR(VLOOKUP(Q269&"",對照表!$A:$B,2,FALSE),"")
A270: SF5117719550307 | B270: Keeta-2026-0703-0006 | C270: 已簽收 | D270: 2026-07-03 11:32:27 | E270: 2026-07-03 12:53 | F270: 2.8 | G270: 1 | J270: keeta | K270: ****57224599 | L270: ****57224599 | M270: ***** 心2808室 | N270: 荔枝角 | O270: 深水埗区 | P270: 香港 | Q270: 721520394 | R270: Balanced Bites | S270: ****95351635 | T270: ****95351635 | U270: ***** 室C28部份 | V270: 香港 | W270: POS機+新店禮包 | X270: BSP | Y270: 寄快遞 | AA270: 第三方付 | AB270: =IFERROR(VLOOKUP(Q270&"",對照表!$A:$B,1,FALSE),"") | AC270: =IFERROR(VLOOKUP(Q270&"",對照表!$A:$B,2,FALSE),"")
A271: SF5117719550634 | B271: Keeta-2026-0703-0010 | C271: 已簽收 | D271: 2026-07-03 11:33:05 | E271: 2026-07-03 18:14 | F271: 2.8 | G271: 1 | J271: keeta | K271: ****57224599 | L271: ****57224599 | M271: ***** 心2808室 | N271: 荔枝角 | O271: 深水埗区 | P271: 香港 | Q271: 721518386 | R271: 幸福煎餃子【中環】 | S271: ****51136614 | T271: ****51136614 | U271: ***** 層地下5A舖 | V271: 香港 | W271: POS機+新店禮包 | X271: BSP | Y271: 寄快遞 | AA271: 第三方付 | AB271: =IFERROR(VLOOKUP(Q271&"",對照表!$A:$B,1,FALSE),"") | AC271: =IFERROR(VLOOKUP(Q271&"",對照表!$A:$B,2,FALSE),"")
A272: SF5117719552148 | B272: Keeta-2026-0703-0005 | C272: 已簽收 | D272: 2026-07-03 11:34:07 | E272: 2026-07-03 16:37 | F272: 2.8 | G272: 1 | J272: keeta | K272: ****57224599 | L272: ****57224599 | M272: ***** 心2808室 | N272: 荔枝角 | O272: 深水埗区 | P272: 香港 | Q272: 721515350 | R272: 文興酒家 | S272: ****61534353 | T272: ****61534353 | U272: ***** HAI HK | V272: 香港 | W272: POS機+新店禮包 | X272: BSP | Y272: 寄快遞 | AA272: 第三方付 | AB272: =IFERROR(VLOOKUP(Q272&"",對照表!$A:$B,1,FALSE),"") | AC272: =IFERROR(VLOOKUP(Q272&"",對照表!$A:$B,2,FALSE),"")
A273: SF5117719551675 | B273: Keeta-2026-0703-0007 | C273: 已簽收 | D273: 2026-07-03 11:32:37 | E273: 2026-07-03 17:22 | F273: 2.8 | G273: 1 | J273: keeta | K273: ****57224599 | L273: ****57224599 | M273: ***** 心2808室 | N273: 荔枝角 | O273: 深水埗区 | P273: 香港 | Q273: 721542395 | R273: 二三之間（中環店） | S273: ****93882609 | T273: ****93882609 | U273: ***** EET HK | V273: 香港 | W273: POS機+新店禮包 | X273: BSP | Y273: 寄快遞 | AA273: 第三方付 | AB273: =IFERROR(VLOOKUP(Q273&"",對照表!$A:$B,1,FALSE),"") | AC273: =IFERROR(VLOOKUP(Q273&"",對照表!$A:$B,2,FALSE),"")
A274: SF5117719557893 | B274: Keeta-2026-0703-0004 | C274: 已簽收 | D274: 2026-07-03 11:33:57 | E274: 2026-07-03 17:14 | F274: 2.8 | G274: 1 | J274: keeta | K274: ****57224599 | L274: ****57224599 | M274: ***** 心2808室 | N274: 荔枝角 | O274: 深水埗区 | P274: 香港 | Q274: 721523388 | R274: CLS COFFEE | S274: ****66426414 | T274: ****66426414 | U274: ***** HA WAN | V274: 香港 | W274: POS機+新店禮包 | X274: BSP | Y274: 寄快遞 | AA274: 第三方付 | AB274: =IFERROR(VLOOKUP(Q274&"",對照表!$A:$B,1,FALSE),"") | AC274: =IFERROR(VLOOKUP(Q274&"",對照表!$A:$B,2,FALSE),"")
A275: SF5116616188090 | B275: 58424825741330 | C275: 已簽收 | D275: 2026-07-03 15:11:24 | E275: 2026-07-04 13:07 | F275: 20.06 | G275: 2 | J275: Keeta | K275: ****9568 | M275: ***** 物流中心5樓 | N275: 北区 | O275: 香港 | P275: 香港特别行政区 | Q275: 721522387 | R275: 左鄰右里小食招牌手抓餅撈麵炸物腸粉 | S275: ****54021143 | T275: ****54021143 | U275: ***** 地下8B地鋪 | V275: 香港 | W275: 塑料袋【大】/ 扎出, 纸袋【通版】/ 箱出, 塑料袋【小】/ 扎出 | X275: ESS-SFTS-OTMS | AA275: 寄付月結 | AB275: =IFERROR(VLOOKUP(Q275&"",對照表!$A:$B,1,FALSE),"") | AC275: =IFERROR(VLOOKUP(Q275&"",對照表!$A:$B,2,FALSE),"")
A276: SF5116616187757 | B276: 58424825708581 | C276: 已簽收 | D276: 2026-07-03 10:28:46 | E276: 2026-07-04 10:57 | F276: 0.67 | G276: 1 | J276: Keeta | K276: ****9568 | M276: ***** 物流中心5樓 | N276: 北区 | O276: 香港 | P276: 香港特别行政区 | Q276: 484574 | R276: 厚興瑜記手撕雞(隆亨邨街市) | S276: ****93348319 | T276: ****93348319 | U276: ***** 街市75號舖 | V276: 香港 | W276: 塑料袋【小】/ 扎出 | X276: ESS-SFTS-OTMS | AA276: 寄付月結 | AB276: =IFERROR(VLOOKUP(Q276&"",對照表!$A:$B,1,FALSE),"") | AC276: =IFERROR(VLOOKUP(Q276&"",對照表!$A:$B,2,FALSE),"")
A277: SF5116616187775 | B277: 58424825708584 | C277: 已簽收 | D277: 2026-07-03 10:23:53 | E277: 2026-07-04 15:24 | F277: 1 | G277: 1 | J277: Keeta | K277: ****9568 | M277: ***** 物流中心5樓 | N277: 北区 | O277: 香港 | P277: 香港特别行政区 | Q277: 484840 | R277: 聚興樓(瀝源邨)粵式秘製手撕雞 | S277: ****24948998 | T277: ****24948998 | U277: ***** 下ST2號舖 | V277: 香港 | W277: 塑料袋【大】/ 扎出 | X277: ESS-SFTS-OTMS | AA277: 寄付月結 | AB277: =IFERROR(VLOOKUP(Q277&"",對照表!$A:$B,1,FALSE),"") | AC277: =IFERROR(VLOOKUP(Q277&"",對照表!$A:$B,2,FALSE),"")
A278: SF5116616187702 | B278: 58424825708570 | C278: 已簽收 | D278: 2026-07-03 10:47:39 | E278: 2026-07-04 13:46 | F278: 3.67 | G278: 1 | J278: Keeta | K278: ****9568 | M278: ***** 物流中心5樓 | N278: 北区 | O278: 香港 | P278: 香港特别行政区 | Q278: 479969 | R278: 泰珠海南雞專門店優惠高達85折 | S278: ****69093971 | T278: ****69093971 | U278: ***** 明大廈2號舖 | V278: 香港 | W278: 塑料袋【大】/ 扎出 | X278: ESS-SFTS-OTMS | AA278: 寄付月結 | AB278: =IFERROR(VLOOKUP(Q278&"",對照表!$A:$B,1,FALSE),"") | AC278: =IFERROR(VLOOKUP(Q278&"",對照表!$A:$B,2,FALSE),"")
A279: SF5116616187720 | B279: 58424825708575 | C279: 已簽收 | D279: 2026-07-03 13:44:52 | E279: 2026-07-04 12:32 | F279: 23.2 | G279: 2 | J279: Keeta | K279: ****9568 | M279: ***** 物流中心5樓 | N279: 北区 | O279: 香港 | P279: 香港特别行政区 | Q279: 604897 | R279: ZiggysbyTheDiner | S279: ****35857455 | T279: ****35857455 | U279: ***** 街28號地下 | V279: 香港 | W279: 无纺布【规格四大号】/ 箱出 | X279: ESS-SFTS-OTMS | AA279: 寄付月結 | AB279: =IFERROR(VLOOKUP(Q279&"",對照表!$A:$B,1,FALSE),"") | AC279: =IFERROR(VLOOKUP(Q279&"",對照表!$A:$B,2,FALSE),"")
A280: SF5116616187827 | B280: 58424825708594 | C280: 已簽收 | D280: 2026-07-03 11:10:30 | E280: 2026-07-04 11:25 | F280: 45 | G280: 3 | J280: Keeta | K280: ****9568 | M280: ***** 物流中心5樓 | N280: 北区 | O280: 香港 | P280: 香港特别行政区 | Q280: 458876 | R280: 十二味(香港仔) | S280: ****62760901 | T280: ****62760901 | U280: ***** 期地下7號舖 | V280: 香港 | W280: 纸袋【通版】/ 箱出 | X280: ESS-SFTS-OTMS | AA280: 寄付月結 | AB280: =IFERROR(VLOOKUP(Q280&"",對照表!$A:$B,1,FALSE),"") | AC280: =IFERROR(VLOOKUP(Q280&"",對照表!$A:$B,2,FALSE),"")
A281: SF5116616187979 | B281: 58424825708626 | C281: 已簽收 | D281: 2026-07-03 13:48:58 | E281: 2026-07-04 09:36 | F281: 34.8 | G281: 3 | J281: Keeta | K281: ****9568 | M281: ***** 物流中心5樓 | N281: 北区 | O281: 香港 | P281: 香港特别行政区 | Q281: 721517357 | R281: 大同粉麵廠 | S281: ****65096026 | T281: ****65096026 | U281: ***** 街57號地下 | V281: 香港 | W281: 无纺布【规格四大号】/ 箱出 | X281: ESS-SFTS-OTMS | AA281: 寄付月結 | AB281: =IFERROR(VLOOKUP(Q281&"",對照表!$A:$B,1,FALSE),"") | AC281: =IFERROR(VLOOKUP(Q281&"",對照表!$A:$B,2,FALSE),"")
A282: SF5116616188072 | B282: 58424825741327 | C282: 已簽收 | D282: 2026-07-03 10:22:53 | E282: 2026-07-06 11:31 | F282: 2.3 | G282: 1 | J282: Keeta | K282: ****9568 | M282: ***** 物流中心5樓 | N282: 北区 | O282: 香港 | P282: 香港特别行政区 | Q282: 600433 | R282: 葵線軒招牌雲南小窩米線熱辣辣暖笠笠 | S282: ****23336138 | T282: ****23336138 | U282: ***** 地下1A號舖 | V282: 香港 | W282: 塑料袋【大】/ 扎出 | X282: ESS-SFTS-OTMS | AA282: 寄付月結 | AB282: =IFERROR(VLOOKUP(Q282&"",對照表!$A:$B,1,FALSE),"") | AC282: =IFERROR(VLOOKUP(Q282&"",對照表!$A:$B,2,FALSE),"")
A283: SF5116616187809 | B283: 58424825708591 | C283: 已簽收 | D283: 2026-07-03 13:48:59 | E283: 2026-07-04 11:04 | F283: 34.8 | G283: 3 | J283: Keeta | K283: ****9568 | M283: ***** 物流中心5樓 | N283: 北区 | O283: 香港 | P283: 香港特别行政区 | Q283: 468377 | R283: SoupDay湯譜(中環店)全新餐牌上線啦 | S283: ****63864688 | T283: ****63864688 | U283: ***** 大廈地下A鋪 | V283: 香港 | W283: 无纺布【规格四大号】/ 箱出 | X283: ESS-SFTS-OTMS | AA283: 寄付月結 | AB283: =IFERROR(VLOOKUP(Q283&"",對照表!$A:$B,1,FALSE),"") | AC283: =IFERROR(VLOOKUP(Q283&"",對照表!$A:$B,2,FALSE),"")
A284: SF5116616188045 | B284: 58424825741318 | C284: 已簽收 | D284: 2026-07-03 13:48:57 | E284: 2026-07-04 11:50 | F284: 34.8 | G284: 3 | J284: Keeta | K284: ****9568 | M284: ***** 物流中心5樓 | N284: 北区 | O284: 香港 | P284: 香港特别行政区 | Q284: 757299 | R284: LeJardinSoho法國隱世酒館慢燉油封鴨腿白酒青口意粉 | S284: ****61306039 | T284: ****61306039 | U284: ***** 號地下E號舖 | V284: 香港 | W284: 无纺布【规格四大号】/ 箱出 | X284: ESS-SFTS-OTMS | AA284: 寄付月結 | AB284: =IFERROR(VLOOKUP(Q284&"",對照表!$A:$B,1,FALSE),"") | AC284: =IFERROR(VLOOKUP(Q284&"",對照表!$A:$B,2,FALSE),"")
A285: SF5116616187863 | B285: 58424825708602 | C285: 已簽收 | D285: 2026-07-03 11:45:44 | E285: 2026-07-04 12:04 | F285: 11.9 | G285: 1 | J285: Keeta | K285: ****9568 | M285: ***** 物流中心5樓 | N285: 北区 | O285: 香港 | P285: 香港特别行政区 | Q285: 721497295 | R285: NBURGER（觀塘三布目） | S285: ****23282538 | T285: ****23282538 | U285: ***** 樓915號舖 | V285: 香港 | W285: 无纺布【Preminum黑】/ 箱出 | X285: ESS-SFTS-OTMS | AA285: 寄付月結 | AB285: =IFERROR(VLOOKUP(Q285&"",對照表!$A:$B,1,FALSE),"") | AC285: =IFERROR(VLOOKUP(Q285&"",對照表!$A:$B,2,FALSE),"")
A286: SF5116616187784 | B286: 58424825708587 | C286: 已簽收 | D286: 2026-07-03 13:52:05 | E286: 2026-07-04 13:10 | F286: 15 | G286: 1 | J286: Keeta | K286: ****9568 | M286: ***** 物流中心5樓 | N286: 北区 | O286: 香港 | P286: 香港特别行政区 | Q286: 448760 | R286: 新康泰美食馬鞍山人氣三餸飯自取領券有9折快d來試下 | S286: ****97859009 | T286: ****97859009 | U286: ***** 市S70號舖 | V286: 香港 | W286: 纸袋【通版】/ 箱出 | X286: ESS-SFTS-OTMS | AA286: 寄付月結 | AB286: =IFERROR(VLOOKUP(Q286&"",對照表!$A:$B,1,FALSE),"") | AC286: =IFERROR(VLOOKUP(Q286&"",對照表!$A:$B,2,FALSE),"")
... A289: SF5116616188106 | B289: 58424825741332 | C289: 已簽收 | D289: 2026-07-03 14:39:55 | E289: 2026-07-04 11:59 | F289: 22.57 | G289: 3 | J289: Keeta | K289: ****9568 | M289: ***** 物流中心5樓 | N289: 北区 | O289: 香港 | P289: 香港特别行政区 | Q289: 721537292 | R289: 瑪威海南雞健康美味招牌無骨海南雞 | S289: ****62683139 | T289: ****62683139 | U289: ***** 地下02號舖 | V289: 香港 | W289: 塑料袋【小】/ 扎出, 塑料袋【大】/ 扎出, 无纺布【规格四大号】/ 箱出, 无纺布【规格三中号】/ 箱出 | X289: ESS-SFTS-OTMS | AA289: 寄付月結 | AB289: =IFERROR(VLOOKUP(Q289&"",對照表!$A:$B,1,FALSE),"") | AC289: =IFERROR(VLOOKUP(Q289&"",對照表!$A:$B,2,FALSE),"")
A290: SF5116616188142 | B290: 58424825741340 | C290: 派送中 | D290: 2026-07-03 11:10:29 | F290: 45 | G290: 3 | J290: Keeta | K290: ****9568 | M290: ***** 物流中心5樓 | N290: 北区 | O290: 香港 | P290: 香港特别行政区 | Q290: 481910 | R290: 十二味(旺角) | S290: ****57401605 | T290: ****57401605 | U290: ***** das 2樓 | V290: 香港 | W290: 纸袋【通版】/ 箱出 | X290: ESS-SFTS-OTMS | AA290: 寄付月結 | AB290: =IFERROR(VLOOKUP(Q290&"",對照表!$A:$B,1,FALSE),"") | AC290: =IFERROR(VLOOKUP(Q290&"",對照表!$A:$B,2,FALSE),"")
A291: SF5116616188081 | B291: 58424825741328 | C291: 已簽收 | D291: 2026-07-03 14:23:21 | E291: 2026-07-04 12:03 | F291: 5.7 | G291: 1 | J291: Keeta | K291: ****9568 | M291: ***** 物流中心5樓 | N291: 北区 | O291: 香港 | P291: 香港特别行政区 | Q291: 721421310 | R291: 壹品燒鵝鑊氣兩餸飯銷量燒鵝飯招牌生炒骨（送飯首選） | S291: ****95333668 | T291: ****95333668 | U291: ***** 地下D號鋪 | V291: 香港 | W291: 塑料袋【大】/ 扎出 | X291: ESS-SFTS-OTMS | AA291: 寄付月結 | AB291: =IFERROR(VLOOKUP(Q291&"",對照表!$A:$B,1,FALSE),"") | AC291: =IFERROR(VLOOKUP(Q291&"",對照表!$A:$B,2,FALSE),"")
A292: SF5116616188027 | B292: 58424825741316 | C292: 已簽收 | D292: 2026-07-03 11:51:41 | E292: 2026-07-04 09:52 | F292: 20.2 | G292: 2 | J292: Keeta | K292: ****9568 | M292: ***** 物流中心5樓 | N292: 北区 | O292: 香港 | P292: 香港特别行政区 | Q292: 721535330 | R292: 窯雞王（長沙灣店） | S292: ****55248134 | T292: ****55248134 | U292: ***** 地下10C舖 | V292: 香港 | W292: 无纺布【规格三中号】/ 箱出 | X292: ESS-SFTS-OTMS | AA292: 寄付月結 | AB292: =IFERROR(VLOOKUP(Q292&"",對照表!$A:$B,1,FALSE),"") | AC292: =IFERROR(VLOOKUP(Q292&"",對照表!$A:$B,2,FALSE),"")
A293: SF5116516599816 | B293: 58424825708554 | C293: 已簽收 | D293: 2026-07-03 10:48:01 | E293: 2026-07-04 15:25 | F293: 3.67 | G293: 1 | J293: Keeta | K293: ****9568 | M293: ***** 物流中心5樓 | N293: 北区 | O293: 香港 | P293: 香港特别行政区 | Q293: 721434359 | R293: 玥庄by越姑娘（杜小姐）越式料理（正宗越南料理） | S293: ****62536657 | T293: ****62536657 | U293: ***** 地下17號舖 | V293: 香港 | W293: 塑料袋【大】/ 扎出 | X293: ESS-SFTS-OTMS | AA293: 寄付月結 | AB293: =IFERROR(VLOOKUP(Q293&"",對照表!$A:$B,1,FALSE),"") | AC293: =IFERROR(VLOOKUP(Q293&"",對照表!$A:$B,2,FALSE),"")
A294: SF5116616188036 | B294: 58424825741321 | C294: 已簽收 | D294: 2026-07-03 10:28:47 | E294: 2026-07-04 10:41 | F294: 0.67 | G294: 1 | J294: Keeta | K294: ****9568 | M294: ***** 物流中心5樓 | N294: 北区 | O294: 香港 | P294: 香港特别行政区 | Q294: 481345 | R294: 一品雲南米線華明商場 | S294: ****26169464 | T294: ****26169464 | U294: ***** 下G09號舖 | V294: 香港 | W294: 塑料袋【小】/ 扎出 | X294: ESS-SFTS-OTMS | AA294: 寄付月結 | AB294: =IFERROR(VLOOKUP(Q294&"",對照表!$A:$B,1,FALSE),"") | AC294: =IFERROR(VLOOKUP(Q294&"",對照表!$A:$B,2,FALSE),"")
A295: SF5116616187679 | B295: 58424825708565 | C295: 已簽收 | D295: 2026-07-03 15:32:17 | E295: 2026-07-04 13:22 | F295: 21.7 | G295: 2 | J295: Keeta | K295: ****9568 | M295: ***** 物流中心5樓 | N295: 北区 | O295: 香港 | P295: 香港特别行政区 | Q295: 600539 | R295: 古琴雅苑師承年老店北京填鴨傳統淮揚菜尖沙咀 | S295: ****61010829 | T295: ****61010829 | U295: ***** 團中心15樓 | V295: 香港 | W295: 无纺布【规格四大号】/ 箱出, 无纺布【规格三中号】/ 箱出 | X295: ESS-SFTS-OTMS | AA295: 寄付月結 | AB295: =IFERROR(VLOOKUP(Q295&"",對照表!$A:$B,1,FALSE),"") | AC295: =IFERROR(VLOOKUP(Q295&"",對照表!$A:$B,2,FALSE),"")
A296: SF5116616187854 | B296: 58424825708600 | C296: 已簽收 | D296: 2026-07-03 13:52:06 | E296: 2026-07-04 09:36 | F296: 15 | G296: 1 | J296: Keeta | K296: ****9568 | M296: ***** 物流中心5樓 | N296: 北区 | O296: 香港 | P296: 香港特别行政区 | Q296: 603724 | R296: 魔法焗薯（薯仔控必試） | S296: ****98378503 | T296: ****98378503 | U296: ***** UENWAN | V296: 香港 | W296: 纸袋【通版】/ 箱出 | X296: ESS-SFTS-OTMS | AA296: 寄付月結 | AB296: =IFERROR(VLOOKUP(Q296&"",對照表!$A:$B,1,FALSE),"") | AC296: =IFERROR(VLOOKUP(Q296&"",對照表!$A:$B,2,FALSE),"")
A297: SF5116616187872 | B297: 58424825708605 | C297: 已簽收 | D297: 2026-07-03 15:33:04 | E297: 2026-07-04 11:30 | F297: 33.3 | G297: 3 | J297: Keeta | K297: ****9568 | M297: ***** 物流中心5樓 | N297: 北区 | O297: 香港 | P297: 香港特别行政区 | Q297: 721424348 | R297: 紅日蛋包飯全港人氣蛋包飯之最(黃竹坑) | S297: ****98218902 | T297: ****98218902 | U297: ***** 室C11部份 | V297: 香港 | W297: 无纺布【规格三中号】/ 箱出, 无纺布【规格四大号】/ 箱出 | X297: ESS-SFTS-OTMS | AA297: 寄付月結 | AB297: =IFERROR(VLOOKUP(Q297&"",對照表!$A:$B,1,FALSE),"") | AC297: =IFERROR(VLOOKUP(Q297&"",對照表!$A:$B,2,FALSE),"")
A298: SF5116616187836 | B298: 58424825708596 | C298: 已簽收 | D298: 2026-07-03 14:23:19 | E298: 2026-07-04 09:01 | F298: 5.7 | G298: 1 | J298: Keeta | K298: ****9568 | M298: ***** 物流中心5樓 | N298: 北区 | O298: 香港 | P298: 香港特别行政区 | Q298: 721524312 | R298: 壹品燒鵝鑊氣兩餸飯銷量燒鵝飯招牌生炒骨（送飯首選） | S298: ****95333668 | T298: ****95333668 | U298: ***** 樓地下E號舖 | V298: 香港 | W298: 塑料袋【大】/ 扎出 | X298: ESS-SFTS-OTMS | AA298: 寄付月結 | AB298: =IFERROR(VLOOKUP(Q298&"",對照表!$A:$B,1,FALSE),"") | AC298: =IFERROR(VLOOKUP(Q298&"",對照表!$A:$B,2,FALSE),"")
A299: SF5116616188018 | B299: 58424825741315 | C299: 已簽收 | D299: 2026-07-03 10:24:00 | E299: 2026-07-04 14:59 | F299: 1 | G299: 1 | J299: Keeta | K299: ****9568 | M299: ***** 物流中心5樓 | N299: 北区 | O299: 香港 | P299: 香港特别行政区 | Q299: 461846 | R299: 聚興樓(花都廣場)台式秘製手撕雞 | S299: ****24116998 | T299: ****24116998 | U299: ***** 場地下8號舖 | V299: 香港 | W299: 塑料袋【大】/ 扎出 | X299: ESS-SFTS-OTMS | AA299: 寄付月結 | AB299: =IFERROR(VLOOKUP(Q299&"",對照表!$A:$B,1,FALSE),"") | AC299: =IFERROR(VLOOKUP(Q299&"",對照表!$A:$B,2,FALSE),"")
A300: SF5116616187651 | B300: 58424825708561 | C300: 已簽收 | D300: 2026-07-03 10:23:57 | E300: 2026-07-04 11:19 | F300: 1 | G300: 1 | J300: Keeta | K300: ****9568 | M300: ***** 物流中心5樓 | N300: 北区 | O300: 香港 | P300: 香港特别行政区 | Q300: 478054 | R300: 聚興樓(寶達商場)粵式秘製手撕雞 | S300: ****22471998 | T300: ****22471998 | U300: ***** 地下10號舖 | V300: 香港 | W300: 塑料袋【大】/ 扎出 | X300: ESS-SFTS-OTMS | AA300: 寄付月結 | AB300: =IFERROR(VLOOKUP(Q300&"",對照表!$A:$B,1,FALSE),"") | AC300: =IFERROR(VLOOKUP(Q300&"",對照表!$A:$B,2,FALSE),"")
A301: SF5116616188160 | B301: 58424825741344 | C301: 已簽收 | D301: 2026-07-03 10:31:11 | E301: 2026-07-04 10:40 | F301: 11.6 | G301: 1 | J301: Keeta | K301: ****9568 | M301: ***** 物流中心5樓 | N301: 北区 | O301: 香港 | P301: 香港特别行政区 | Q301: 583098 | R301: 龍川雲南米線（元朗） | S301: ****51382818 | T301: ****51382818 | U301: ***** 地下14號鋪 | V301: 香港 | W301: 无纺布【规格四大号】/ 箱出 | X301: ESS-SFTS-OTMS | AA301: 寄付月結 | AB301: =IFERROR(VLOOKUP(Q301&"",對照表!$A:$B,1,FALSE),"") | AC301: =IFERROR(VLOOKUP(Q301&"",對照表!$A:$B,2,FALSE),"")
A302: SF5116616187951 | B302: 58424825708623 | C302: 已簽收 | D302: 2026-07-03 11:51:38 | E302: 2026-07-04 10:59 | F302: 20.2 | G302: 2 | J302: Keeta | K302: ****9568 | M302: ***** 物流中心5樓 | N302: 北区 | O302: 香港 | P302: 香港特别行政区 | Q302: 721487294 | R302: 窯雞王（荃灣店） | S302: ****64927347 | T302: ****64927347 | U302: ***** 35号A1铺 | V302: 香港 | W302: 无纺布【规格三中号】/ 箱出 | X302: ESS-SFTS-OTMS | AA302: 寄付月結 | AB302: =IFERROR(VLOOKUP(Q302&"",對照表!$A:$B,1,FALSE),"") | AC302: =IFERROR(VLOOKUP(Q302&"",對照表!$A:$B,2,FALSE),"")
... A306: SF5116616187711 | B306: 58424825708572 | C306: 已簽收 | D306: 2026-07-03 10:23:55 | E306: 2026-07-04 12:14 | F306: 1 | G306: 1 | J306: Keeta | K306: ****9568 | M306: ***** 物流中心5樓 | N306: 北区 | O306: 香港 | P306: 香港特别行政区 | Q306: 461749 | R306: 聚興樓(曉麗苑)粵式秘製手撕雞 | S306: ****24132998 | T306: ****24132998 | U306: ***** 樓212號舖 | V306: 香港 | W306: 塑料袋【大】/ 扎出 | X306: ESS-SFTS-OTMS | AA306: 寄付月結 | AB306: =IFERROR(VLOOKUP(Q306&"",對照表!$A:$B,1,FALSE),"") | AC306: =IFERROR(VLOOKUP(Q306&"",對照表!$A:$B,2,FALSE),"")
A307: SF5116616188124 | B307: 58424825741335 | C307: 派送中 | D307: 2026-07-03 15:33:32 | F307: 31.8 | G307: 3 | J307: Keeta | K307: ****9568 | M307: ***** 物流中心5樓 | N307: 北区 | O307: 香港 | P307: 香港特别行政区 | Q307: 721525340 | R307: CurryMatters熟成咖喱工房 | S307: ****31889678 | T307: ****31889678 | U307: ***** 170號地舖 | V307: 香港 | W307: 无纺布【规格三中号】/ 箱出, 无纺布【规格四大号】/ 箱出 | X307: ESS-SFTS-OTMS | AA307: 寄付月結 | AB307: =IFERROR(VLOOKUP(Q307&"",對照表!$A:$B,1,FALSE),"") | AC307: =IFERROR(VLOOKUP(Q307&"",對照表!$A:$B,2,FALSE),"")
A308: SF5116616187915 | B308: 58424825708615 | C308: 已簽收 | D308: 2026-07-03 11:41:01 | E308: 2026-07-04 12:15 | F308: 23.64 | G308: 2 | J308: Keeta | K308: ****9568 | M308: ***** 物流中心5樓 | N308: 北区 | O308: 香港 | P308: 香港特别行政区 | Q308: 578199 | R308: NBURGER（啟德） | S308: ****23050133 | T308: ****23050133 | U308: ***** -102號舖 | V308: 香港 | W308: 无纺布【Preminum黑】/ 箱出 | X308: ESS-SFTS-OTMS | AA308: 寄付月結 | AB308: =IFERROR(VLOOKUP(Q308&"",對照表!$A:$B,1,FALSE),"") | AC308: =IFERROR(VLOOKUP(Q308&"",對照表!$A:$B,2,FALSE),"")
A309: SF5116616187688 | B309: 58424825708567 | C309: 已簽收 | D309: 2026-07-03 13:49:00 | E309: 2026-07-04 13:09 | F309: 34.8 | G309: 3 | J309: Keeta | K309: ****9568 | M309: ***** 物流中心5樓 | N309: 北区 | O309: 香港 | P309: 香港特别行政区 | Q309: 597163 | R309: 雲貴風正宗雲南米線世一上癮米線 | S309: ****24302918 | T309: ****24302918 | U309: ***** 徑天橋出口) | V309: 香港 | W309: 无纺布【规格四大号】/ 箱出 | X309: ESS-SFTS-OTMS | AA309: 寄付月結 | AB309: =IFERROR(VLOOKUP(Q309&"",對照表!$A:$B,1,FALSE),"") | AC309: =IFERROR(VLOOKUP(Q309&"",對照表!$A:$B,2,FALSE),"")
A310: SF5116616187793 | B310: 58424825708589 | C310: 已簽收 | D310: 2026-07-03 17:17:05 | E310: 2026-07-04 15:44 | F310: 24.62 | G310: 4 | J310: Keeta | K310: ****9568 | M310: ***** 物流中心5樓 | N310: 北区 | O310: 香港 | P310: 香港特别行政区 | Q310: 607391 | R310: 茶醉桃溪國風奶茶原葉鮮奶茶麵包小零食 | S310: ****51647978 | T310: ****51647978 | U310: ***** 下2B-2C | V310: 香港 | W310: 杯托【2托】/ 箱出, 无纺布【规格二双杯】/ 箱出 | X310: ESS-SFTS-OTMS | AA310: 寄付月結 | AB310: =IFERROR(VLOOKUP(Q310&"",對照表!$A:$B,1,FALSE),"") | AC310: =IFERROR(VLOOKUP(Q310&"",對照表!$A:$B,2,FALSE),"")
A311: SF5116616187845 | B311: 58424825708599 | C311: 已簽收 | D311: 2026-07-03 14:22:56 | E311: 2026-07-04 12:00 | F311: 37.89 | G311: 4 | J311: Keeta | K311: ****9568 | M311: ***** 物流中心5樓 | N311: 北区 | O311: 香港 | P311: 香港特别行政区 | Q311: 721523289 | R311: 翠林辣蟹舫超多明星食過的馳名避風塘炒蟹超值套餐新上線 | S311: ****26289888 | T311: ****26289888 | U311: ***** 舖天星大樓 | V311: 香港 | W311: 塑料袋【大】/ 扎出, 无纺布【规格三中号】/ 箱出, 无纺布【规格四大号】/ 箱出 | X311: ESS-SFTS-OTMS | AA311: 寄付月結 | AB311: =IFERROR(VLOOKUP(Q311&"",對照表!$A:$B,1,FALSE),"") | AC311: =IFERROR(VLOOKUP(Q311&"",對照表!$A:$B,2,FALSE),"")
A312: SF5116516599825 | B312: 58424825708557 | C312: 已簽收 | D312: 2026-07-03 16:34:02 | E312: 2026-07-04 09:46 | F312: 31.68 | G312: 3 | J312: Keeta | K312: ****9568 | M312: ***** 物流中心5樓 | N312: 北区 | O312: 香港 | P312: 香港特别行政区 | Q312: 461659 | R312: HABITCaff(TheOne) | S312: ****35720622 | T312: ****35720622 | U312: ***** a Tsui | V312: 香港 | W312: 纸袋【Preminum黑】/ 箱出, 无纺布【Preminum黑】/ 箱出, 无纺布【规格二双杯】/ 箱出 | X312: ESS-SFTS-OTMS | AA312: 寄付月結 | AB312: =IFERROR(VLOOKUP(Q312&"",對照表!$A:$B,1,FALSE),"") | AC312: =IFERROR(VLOOKUP(Q312&"",對照表!$A:$B,2,FALSE),"")
A313: SF5116616187933 | B313: 58424825708619 | C313: 已簽收 | D313: 2026-07-03 13:51:58 | E313: 2026-07-04 15:43 | F313: 15 | G313: 1 | J313: Keeta | K313: ****9568 | M313: ***** 物流中心5樓 | N313: 北区 | O313: 香港 | P313: 香港特别行政区 | Q313: 478188 | R313: 中興牛什達人 | S313: ****39053368 | T313: ****39053368 | U313: ***** 地下114號 | V313: 香港 | W313: 纸袋【通版】/ 箱出 | X313: ESS-SFTS-OTMS | AA313: 寄付月結 | AB313: =IFERROR(VLOOKUP(Q313&"",對照表!$A:$B,1,FALSE),"") | AC313: =IFERROR(VLOOKUP(Q313&"",對照表!$A:$B,2,FALSE),"")
A314: SF5116616187748 | B314: 58424825708579 | C314: 已簽收 | D314: 2026-07-03 10:31:12 | E314: 2026-07-04 09:13 | F314: 11.6 | G314: 1 | J314: Keeta | K314: ****9568 | M314: ***** 物流中心5樓 | N314: 北区 | O314: 香港 | P314: 香港特别行政区 | Q314: 721512343 | R314: Pookie Poke【媽咪牌花膠海參三文魚雞胸Poke Bowl】 | S314: ****66861776 | T314: ****66861776 | U314: ***** 1樓K09室 | V314: 香港 | W314: 无纺布【规格四大号】/ 箱出 | X314: ESS-SFTS-OTMS | AA314: 寄付月結 | AB314: =IFERROR(VLOOKUP(Q314&"",對照表!$A:$B,1,FALSE),"") | AC314: =IFERROR(VLOOKUP(Q314&"",對照表!$A:$B,2,FALSE),"")
A315: SF5116616187942 | B315: 58424825708620 | C315: 已簽收 | D315: 2026-07-03 10:24:06 | E315: 2026-07-06 14:53 | F315: 1 | G315: 1 | J315: Keeta | K315: ****9568 | M315: ***** 物流中心5樓 | N315: 北区 | O315: 香港 | P315: 香港特别行政区 | Q315: 481465 | R315: 聚興樓(藍田)粵式秘製手撕雞 | S315: ****27997998 | T315: ****27997998 | U315: ***** 下G04號舖 | V315: 香港 | W315: 塑料袋【大】/ 扎出 | X315: ESS-SFTS-OTMS | AA315: 寄付月結 | AB315: =IFERROR(VLOOKUP(Q315&"",對照表!$A:$B,1,FALSE),"") | AC315: =IFERROR(VLOOKUP(Q315&"",對照表!$A:$B,2,FALSE),"")
A316: SF5116616188179 | B316: 58424825741346 | C316: 已簽收 | D316: 2026-07-03 10:24:07 | E316: 2026-07-04 12:18 | F316: 1 | G316: 1 | J316: Keeta | K316: ****9568 | M316: ***** 物流中心5樓 | N316: 北区 | O316: 香港 | P316: 香港特别行政区 | Q316: 474988 | R316: 聚興樓(富善商場)粵式秘製手撕雞 | S316: ****26506998 | T316: ****26506998 | U316: ***** 樓109號舖 | V316: 香港 | W316: 塑料袋【大】/ 扎出 | X316: ESS-SFTS-OTMS | AA316: 寄付月結 | AB316: =IFERROR(VLOOKUP(Q316&"",對照表!$A:$B,1,FALSE),"") | AC316: =IFERROR(VLOOKUP(Q316&"",對照表!$A:$B,2,FALSE),"")
A317: SF5116616187960 | B317: 58424825708625 | C317: 已簽收 | D317: 2026-07-03 12:20:29 | E317: 2026-07-04 10:09 | F317: 46.4 | G317: 4 | J317: Keeta | K317: ****9568 | M317: ***** 物流中心5樓 | N317: 北区 | O317: 香港 | P317: 香港特别行政区 | Q317: 721542300 | R317: ProteinBoy蛋白男生健康輕盈能量滿滿 | S317: ****66898181 | T317: ****66898181 | U317: ***** g Kong | V317: 香港 | W317: 无纺布【规格四大号】/ 箱出 | X317: ESS-SFTS-OTMS | AA317: 寄付月結 | AB317: =IFERROR(VLOOKUP(Q317&"",對照表!$A:$B,1,FALSE),"") | AC317: =IFERROR(VLOOKUP(Q317&"",對照表!$A:$B,2,FALSE),"")
A318: SF5116616187818 | B318: 58424825708593 | C318: 已簽收 | D318: 2026-07-03 17:14:41 | E318: 2026-07-04 12:12 | F318: 16.62 | G318: 3 | J318: Keeta | K318: ****9568 | M318: ***** 物流中心5樓 | N318: 北区 | O318: 香港 | P318: 香港特别行政区 | Q318: 458736 | R318: 林香檸手打檸檬茶(雅蘭中心) | S318: ****55401435 | T318: ****55401435 | U318: ***** 下LA1號舖 | V318: 香港 | W318: 杯托【2托】/ 箱出, 无纺布【规格二双杯】/ 箱出 | X318: ESS-SFTS-OTMS | AA318: 寄付月結 | AB318: =IFERROR(VLOOKUP(Q318&"",對照表!$A:$B,1,FALSE),"") | AC318: =IFERROR(VLOOKUP(Q318&"",對照表!$A:$B,2,FALSE),"")
A319: SF5116616187881 | B319: 58424825708606 | C319: 已簽收 | D319: 2026-07-03 13:52:07 | E319: 2026-07-04 15:14 | F319: 15 | G319: 1 | J319: Keeta | K319: ****9568 | M319: ***** 物流中心5樓 | N319: 北区 | O319: 香港 | P319: 香港特别行政区 | Q319: 485191 | R319: 豪大大雞排(葵芳店) | S319: ****60800600 | T319: ****60800600 | U319: ***** 下G06號舖 | V319: 香港 | W319: 纸袋【通版】/ 箱出 | X319: ESS-SFTS-OTMS | AA319: 寄付月結 | AB319: =IFERROR(VLOOKUP(Q319&"",對照表!$A:$B,1,FALSE),"") | AC319: =IFERROR(VLOOKUP(Q319&"",對照表!$A:$B,2,FALSE),"")
... A326: SF5116616187642 | B326: 58424825708558 | C326: 已簽收 | D326: 2026-07-03 16:46:01 | E326: 2026-07-04 18:18 | F326: 47.36 | G326: 4 | J326: Keeta | K326: ****9568 | M326: ***** 物流中心5樓 | N326: 北区 | O326: 香港 | P326: 香港特别行政区 | Q326: 481376 | R326: HABITtable(海之戀) | S326: ****31686768 | T326: ****31686768 | U326: ***** 下G21號舖 | V326: 香港 | W326: 纸袋【Preminum黑】/ 箱出, 无纺布【Preminum黑】/ 箱出 | X326: ESS-SFTS-OTMS | AA326: 寄付月結 | AB326: =IFERROR(VLOOKUP(Q326&"",對照表!$A:$B,1,FALSE),"") | AC326: =IFERROR(VLOOKUP(Q326&"",對照表!$A:$B,2,FALSE),"")
A327: SF5116616188460 | B327: 58424825741409 | C327: 派送中 | D327: 2026-07-03 10:28:55 | F327: 0.67 | G327: 1 | J327: Keeta | K327: ****9568 | M327: ***** 物流中心5樓 | N327: 北区 | O327: 香港 | P327: 香港特别行政区 | Q327: 487937 | R327: 一品雲南米線MAONSHAN | S327: ****67600408 | T327: ****67600408 | U327: ***** G100號舖 | V327: 香港 | W327: 塑料袋【小】/ 扎出 | X327: ESS-SFTS-OTMS | AA327: 寄付月結 | AB327: =IFERROR(VLOOKUP(Q327&"",對照表!$A:$B,1,FALSE),"") | AC327: =IFERROR(VLOOKUP(Q327&"",對照表!$A:$B,2,FALSE),"")
A328: SF5116616187997 | B328: 58424825708630 | C328: 已簽收 | D328: 2026-07-03 13:45:12 | E328: 2026-07-07 12:08 | F328: 23.2 | G328: 2 | J328: Keeta | K328: ****9568 | M328: ***** 物流中心5樓 | N328: 北区 | O328: 香港 | P328: 香港特别行政区 | Q328: 448802 | R328: 成記（爆款米線手打檸檬茶） | S328: ****5636 | T328: ****5636 | U328: ***** 座12楼7室 | V328: 香港 | W328: 无纺布【规格四大号】/ 箱出 | X328: ESS-SFTS-OTMS | AA328: 寄付月結 | AB328: =IFERROR(VLOOKUP(Q328&"",對照表!$A:$B,1,FALSE),"") | AC328: =IFERROR(VLOOKUP(Q328&"",對照表!$A:$B,2,FALSE),"")
A329: SF5116616188151 | B329: 58424825741343 | C329: 已簽收 | D329: 2026-07-03 11:10:32 | E329: 2026-07-04 15:55 | F329: 45 | G329: 3 | J329: Keeta | K329: ****9568 | M329: ***** 物流中心5樓 | N329: 北区 | O329: 香港 | P329: 香港特别行政区 | Q329: 458875 | R329: 十二味(啟德) | S329: ****67900755 | T329: ****67900755 | U329: ***** 1樓10號舖 | V329: 香港 | W329: 纸袋【通版】/ 箱出 | X329: ESS-SFTS-OTMS | AA329: 寄付月結 | AB329: =IFERROR(VLOOKUP(Q329&"",對照表!$A:$B,1,FALSE),"") | AC329: =IFERROR(VLOOKUP(Q329&"",對照表!$A:$B,2,FALSE),"")
A330: SF5116616188115 | B330: 58424825741336 | C330: 已簽收 | D330: 2026-07-03 16:46:38 | E330: 2026-07-04 12:27 | F330: 23.68 | G330: 2 | J330: Keeta | K330: ****9568 | M330: ***** 物流中心5樓 | N330: 北区 | O330: 香港 | P330: 香港特别行政区 | Q330: 721536320 | R330: FlatIronSteak(上環) | S330: ****98421883 | T330: ****98421883 | U330: ***** 及1樓A部份 | V330: 香港 | W330: 纸袋【Preminum黑】/ 箱出, 无纺布【Preminum黑】/ 箱出 | X330: ESS-SFTS-OTMS | AA330: 寄付月結 | AB330: =IFERROR(VLOOKUP(Q330&"",對照表!$A:$B,1,FALSE),"") | AC330: =IFERROR(VLOOKUP(Q330&"",對照表!$A:$B,2,FALSE),"")
A331: SF5116616188276 | B331: 58424825741366 | C331: 已簽收 | D331: 2026-07-03 10:22:16 | E331: 2026-07-04 13:52 | F331: 1.2 | G331: 1 | J331: Keeta | K331: ****9568 | M331: ***** 物流中心5樓 | N331: 北区 | O331: 香港 | P331: 香港特别行政区 | Q331: 763864 | R331: 一家OneFamily | S331: ****36192478 | T331: ****36192478 | U331: ***** g Kong | V331: 香港 | W331: 塑料袋【大】/ 扎出 | X331: ESS-SFTS-OTMS | AA331: 寄付月結 | AB331: =IFERROR(VLOOKUP(Q331&"",對照表!$A:$B,1,FALSE),"") | AC331: =IFERROR(VLOOKUP(Q331&"",對照表!$A:$B,2,FALSE),"")
...

Sheet 對照表
A1: 收件方公司 | B1: 所有順豐運單號
A2: ' | B2: SF0213744738432, SF0218174673442
A3: '20260702 | B3: SF5119115816419
A4: '20260703 | B4: SF5119115816700
A5: '26918328 | B5: SF5119115816313
A6: '27099984 | B6: SF5119115817478
A7: '28753260 | B7: SF5119115816021
A8: '31945010 | B8: SF5119115816482
A9: '389141 | B9: SF5113427653386
A10: '392451 | B10: SF5113427653561
A11: '392471 | B11: SF5116616532983
A12: '395722 | B12: SF5119018988593
... A1159: '97200919 | B1159: SF5119115816207
