Workbook

Sheet 異常件明細
A1: 運單號 | B1: 攬收日期 | C1: 輸出日期 | D1: 最遲回覆日期 | E1: 狀態 | F1: Remarks | G1: 拒收門店ID | H1: 商品編碼 | I1: 商品型號 | J1: 箱數 | K1: 轉寄商家ID | L1: 轉寄商家名稱 | M1: 轉寄電話 | N1: 轉寄地址 | O1: 狀態&更新時間 | P1: 更新資訊 | Q1: 是否簽收 | R1: SF回復
A2: SF5108811069811 | B2: 2026-03-16 | C2: 46098 | D2: {=_xlfn.WORKDAY.INTL(C2,3,"0000001",_xlfn._xlws.FILTER(Sheet1!$A:$A,Sheet1!$C:$C=0))} -> 46101 | E2: 拒收 | F2: 客戶話前幾日送過一箱啦，依家唔需要 | H2: Keeta008 | I2: 紙袋【通版】 | K2: 485153 | L2: 麥當勞 (港灣) McDonald's | M2: 852-25110948 | N2: 香港灣仔港灣道30號新鴻基中心地下G1號店 | O2: 更改新地址 | Q2: 1
A3: SF5123446359100 | B3: 2026-03-13 | C3: 46098 | D3: {=_xlfn.WORKDAY.INTL(C3,3,"0000001",_xlfn._xlws.FILTER(Sheet1!$A:$A,Sheet1!$C:$C=0))} -> 46101 | E3: 未聯繫上 | F3: 上門無此人，電話沒有用戶登記，此單位川婆婆已搬走多年 | H3: Keeta006 | I3: 無紡布【規格四大號】 | K3: 491493 | L3: Four O Five Coffee & Eatery | M3: 852-26500028 | N3: 成業街19-21號成業工業大廈地下2號舖 | O3: 更改新地址 | Q3: 1
A4: SF5123446359861 | B4: 2026-03-13 | C4: 46098 | D4: {=_xlfn.WORKDAY.INTL(C4,3,"0000001",_xlfn._xlws.FILTER(Sheet1!$A:$A,Sheet1!$C:$C=0))} -> 46101 | E4: 拒收 | F4: 店家稱不要 | H4: Keeta006 | I4: 無紡布【規格四大號】 | K4: 577618 | L4: 元氣壽司 (馬鞍山廣場) Genki Sushi | M4: 852-26315953 | N4: 沙田馬鞍山廣場2樓2136-2137舖 | O4: 更改新地址 | Q4: 1
A5: SF5123446359968 | B5: 2026-03-13 | C5: 46098 | D5: {=_xlfn.WORKDAY.INTL(C5,3,"0000001",_xlfn._xlws.FILTER(Sheet1!$A:$A,Sheet1!$C:$C=0))} -> 46101 | E5: 拒收 | F5: 已結業 | H5: Keeta006 | I5: 無紡布【規格四大號】 | K5: 600656 | L5: 元氣壽司 (好爵中心) Genki Sushi | M5: 852-24711366 | N5: 葵湧葵義路2-10號好爵中心地下43號部份及44-48號舖 | O5: 更改新地址 | Q5: 1
A6: SF5123446359076 | B6: 2026-03-13 | C6: 46098 | D6: {=_xlfn.WORKDAY.INTL(C6,3,"0000001",_xlfn._xlws.FILTER(Sheet1!$A:$A,Sheet1!$C:$C=0))} -> 46101 | E6: 未聯繫上 | F6: 客要求轉寄，未提供轉寄地址，現電話無人聽 | H6: Keeta006 | I6: 無紡布【規格四大號】 | K6: 721528332 | L6: CatchA 首爾炸雞 - 觀塘 | M6: 852-53152933 | N6: 香港觀塘駿業街66號巧運工廠大廈11樓A室A1單位 | O6: 更改新地址 | Q6: 1
A7: SF5123446359464 | B7: 2026-03-13 | C7: 46098 | D7: {=_xlfn.WORKDAY.INTL(C7,3,"0000001",_xlfn._xlws.FILTER(Sheet1!$A:$A,Sheet1!$C:$C=0))} -> 46101 | E7: 未聯繫上 | F7: 電話停機，地址不明確 | H7: Keeta005 | I7: 無紡布【規格三中號】 | K7: 721512326 | L7: 豐味炸串 | M7: 852-54863844 | N7: 新界粉嶺百和路88號花都廣場地下77號鋪 | O7: 更改新地址 | Q7: 1
A8: SF5123446359570 | B8: 2026-03-13 | C8: 46098 | D8: {=_xlfn.WORKDAY.INTL(C8,3,"0000001",_xlfn._xlws.FILTER(Sheet1!$A:$A,Sheet1!$C:$C=0))} -> 46101 | E8: 拒收 | F8: 拒收 | H8: Keeta008 | I8: 紙袋【通版】 | K8: 457230 | L8: 麥當勞 (荷李活廣場) McDonald's | M8: 852-29555187 | N8: 九龍鑽石山荷李活廣場二樓216號舖 | O8: 更改新地址 | Q8: 1
A9: SF5123446357341 | B9: 2026-03-13 | C9: 46098 | D9: {=_xlfn.WORKDAY.INTL(C9,3,"0000001",_xlfn._xlws.FILTER(Sheet1!$A:$A,Sheet1!$C:$C=0))} -> 46101 | E9: 拒收 | F9: 客人表示沒有訂購該貨品 | H9: Keeta006 | I9: 無紡布【規格四大號】 | K9: 721540327 | L9: 五豐行(上環店) | M9: 852-54764764 | N9: 皇后大道西60號地下五豐行 | O9: 更改新地址3.20 | Q9: 1
A10: SF5123446359094 | B10: 2026-03-13 | C10: 46098 | D10: {=_xlfn.WORKDAY.INTL(C10,3,"0000001",_xlfn._xlws.FILTER(Sheet1!$A:$A,Sheet1!$C:$C=0))} -> 46101 | E10: 拒收 | F10: 不需要 | H10: Keeta005 | I10: 無紡布【規格三中號】 | K10: 721522309 | L10: 媽子美點 (廿四小時都可以嗌點心食! | M10: 852-26682226 | N10: 香港粉嶺和豐街21號 | O10: 更改新地址 | Q10: 1
A11: SF5123446359419 | B11: 2026-03-13 | C11: 46098 | D11: {=_xlfn.WORKDAY.INTL(C11,3,"0000001",_xlfn._xlws.FILTER(Sheet1!$A:$A,Sheet1!$C:$C=0))} -> 46101 | E11: 拒收 | F11: 客人表示沒有訂購該貨品 | H11: Keeta006 | I11: 無紡布【規格四大號】 | K11: 721537338 | L11: 五豐行(土瓜灣店) | M11: 852-55847120 | N11: 九龍土瓜灣九龍城道34-40號鴻英大廈地下D1,D2舖 | O11: 更改新地址3.20 | Q11: 1
A12: SF5123446359834 | B12: 2026-03-13 | C12: 46098 | D12: {=_xlfn.WORKDAY.INTL(C12,3,"0000001",_xlfn._xlws.FILTER(Sheet1!$A:$A,Sheet1!$C:$C=0))} -> 46101 | E12: 拒收 | F12: 收方公司已結業 | H12: Keeta006 | I12: 無紡布【規格四大號】 | K12: 721445381 | L12: 魔記車仔麵 | M12: 852-98898814 | N12: 九龍長沙灣福榮街218號美居中心地下50號舖 | O12: 更改新地址 | Q12: 1
A13: SF5123446359870 | B13: 2026-03-13 | C13: 46098 | D13: {=_xlfn.WORKDAY.INTL(C13,3,"0000001",_xlfn._xlws.FILTER(Sheet1!$A:$A,Sheet1!$C:$C=0))} -> 46101 | E13: 拒收 | F13: 客戶太多佢收 | H13: Keeta005 | I13: 無紡布【規格三中號】 | K13: 721532354 | L13: 五豐行(沙田店) | M13: 852-55239285 | N13: 新界沙田乙明邨街9號，乙明邨街市27號攤位 | O13: 更改新地址3.20 | Q13: 1
... A19: SF5123446359482 | B19: 2026-03-13 | C19: 46098 | D19: {=_xlfn.WORKDAY.INTL(C19,3,"0000001",_xlfn._xlws.FILTER(Sheet1!$A:$A,Sheet1!$C:$C=0))} -> 46101 | E19: 拒收 | F19: 不需要 | H19: Keeta006 | I19: 無紡布【規格四大號】 | K19: 462057 | L19: Cyprium Cafe（食過仲想食，鋸扒意粉下午茶） | M19: 852-97578959 | N19: 石門安群街3號京瑞廣場1期1樓133-135號舖 | O19: 更改新地址3.20 | Q19: 1
A20: SF0223840052943 | B20: 46098 | C20: 46101 | D20: {=_xlfn.WORKDAY.INTL(C20,3,"0000001",_xlfn._xlws.FILTER(Sheet1!$A:$A,Sheet1!$C:$C=0))} -> 46105 | E20: 電話號碼異常 | H20: Keeta013 | I20: 機紙/小票紙 | K20: 721429323 | L20: 韓鍋酒舍 | M20: 852-23822178 | N20: 聯發街18號地舖 | O20: 更改新地址3.20 | Q20: 1
A21: SF0223840052998 | B21: 46098 | C21: 46101 | D21: {=_xlfn.WORKDAY.INTL(C21,3,"0000001",_xlfn._xlws.FILTER(Sheet1!$A:$A,Sheet1!$C:$C=0))} -> 46105 | E21: 未聯繫上 | H21: Keeta013 | I21: 機紙/小票紙 | K21: 721421363 | L21: 小蜜蜂炸雞 (新蒲崗店） | M21: 852-60776246 | N21: 九龍新蒲崗六合街25號嘉時工業大廈5樓A2室（G單位） | O21: 更改新地址3.20 | P21: 3.20 成功派送至原收方, 所以沒有轉寄至新商家 | Q21: 1
A22: SF5123144666527 | B22: 46099 | C22: 46101 | D22: {=_xlfn.WORKDAY.INTL(C22,3,"0000001",_xlfn._xlws.FILTER(Sheet1!$A:$A,Sheet1!$C:$C=0))} -> 46105 | E22: 地址不詳 | H22: Keeta008 | I22: 紙袋【通版】 | K22: 721514324 | L22: Powersellers Worldwide Limited | M22: 852-92600825 | N22: FLAT/RM P BLK1 14/F KINGSWIN INDUSTRIAL BUILDING 32 LEI MUK ROAD KWAI CHUNG NT | O22: 更改新地址3.20 | Q22: 1
A23: SF5123144662962 | B23: 46099 | C23: 46101 | D23: {=_xlfn.WORKDAY.INTL(C23,3,"0000001",_xlfn._xlws.FILTER(Sheet1!$A:$A,Sheet1!$C:$C=0))} -> 46105 | E23: 拒收 | H23: Keeta008 | I23: 紙袋【通版】 | K23: 721523342 | L23: 多多屋~無雙酒業 | M23: 852-55206988 | N23: SHOP NO.5,G/F KAI HEI LAND BUILDING385CASTLE PEAK ROAD TUEN MUN HK | O23: 更改新地址3.20 | Q23: 1
A24: SF5123535243572 | B24: 2026-03-20 | C24: 46104 | D24: {=_xlfn.WORKDAY.INTL(C24,3,"0000001",_xlfn._xlws.FILTER(Sheet1!$A:$A,Sheet1!$C:$C=0))} -> 46107 | E24: 電話號碼異常 | H24: Keeta005 | I24: 無紡布【規格三中號】 | K24: 478169 | L24: 越風味 | M24: 852-69961760 | N24: 砵蘭街108號地舖 | O24: 更改新地址4.1 | P24: 關聯新單號SF6016503210535 | Q24: 1
A25: SF0223700225714 | B25: 2026-03-19 | C25: 46104 | D25: {=_xlfn.WORKDAY.INTL(C25,3,"0000001",_xlfn._xlws.FILTER(Sheet1!$A:$A,Sheet1!$C:$C=0))} -> 46107 | E25: 電話號碼異常 | H25: Keeta008 | I25: 紙袋【通版】 | K25: 721533349 | L25: Bunlulu Vibe | M25: 852-94358876 | N25: 香港上環荷李活道186-190A號荷李活大廈地下B1鋪 | O25: 更改新地址3.25 | Q25: 1
A26: SF5123535245641 | B26: 2026-03-20 | C26: 46104 | D26: {=_xlfn.WORKDAY.INTL(C26,3,"0000001",_xlfn._xlws.FILTER(Sheet1!$A:$A,Sheet1!$C:$C=0))} -> 46107 | E26: 未聯繫上 | H26: Keeta005 | I26: 無紡布【規格三中號】 | K26: 721520312 | L26: 聚湘緣 | M26: 852-69233880 | N26: 嘉圖工廠大廈1樓D室18號廚房 | O26: 更改新地址3.25 | Q26: 1
A27: SF5123535243590 | B27: 2026-03-20 | C27: 46104 | D27: {=_xlfn.WORKDAY.INTL(C27,3,"0000001",_xlfn._xlws.FILTER(Sheet1!$A:$A,Sheet1!$C:$C=0))} -> 46107 | E27: 拒收 | H27: Keeta005 | I27: 無紡布【規格三中號】 | K27: 402352 | L27: 泰亞萊【泰國菜天花板 必食人氣套餐】 | M27: 852-28161138 | N27: 紅磡庇利街32號地舖 | O27: 更改新地址3.25 | Q27: 1
A28: SF5123535243342 | B28: 2026-03-20 | C28: 46104 | D28: {=_xlfn.WORKDAY.INTL(C28,3,"0000001",_xlfn._xlws.FILTER(Sheet1!$A:$A,Sheet1!$C:$C=0))} -> 46107 | E28: 電話號碼異常 | H28: Keeta005 | I28: 無紡布【規格三中號】 | K28: 484763 | L28: LeeLaksa(上環)|招牌叻沙 | M28: 852-22658999 | N28: 上環皇后大道中302號地舖 | O28: 更改新地址3.25 | Q28: 1
A29: SF5123535243157 | B29: 2026-03-20 | C29: 46104 | D29: {=_xlfn.WORKDAY.INTL(C29,3,"0000001",_xlfn._xlws.FILTER(Sheet1!$A:$A,Sheet1!$C:$C=0))} -> 46107 | E29: 拒收 | H29: Keeta005 | I29: 無紡布【規格三中號】 | K29: 606178 | L29: 7-Eleven（沙田禾輋邨）1409 | M29: 852-26045178 | N29: 新界沙田禾輋邨禾輋廣場地下G3及G4號舖 | O29: 更改新地址3.25 | Q29: 1
A30: SF5125742080586 | B30: 2026-03-20 | C30: 46104 | D30: {=_xlfn.WORKDAY.INTL(C30,3,"0000001",_xlfn._xlws.FILTER(Sheet1!$A:$A,Sheet1!$C:$C=0))} -> 46107 | E30: 未聯繫上 | L30: 不變 | M30: 93504837 | N30: 不變 | O30: 24/3/2026 | P30: 商家一般下午在，上午無人接收快遞 | Q30: 1
A31: SF0223700225705 | B31: 2026-03-19 | C31: 46104 | D31: {=_xlfn.WORKDAY.INTL(C31,3,"0000001",_xlfn._xlws.FILTER(Sheet1!$A:$A,Sheet1!$C:$C=0))} -> 46107 | E31: 未聯繫上 | H31: Keeta008 | I31: 紙袋【通版】 | K31: 721524342 | L31: Slow Cow | M31: 85291047240 | N31: 中環威靈頓街112-114號新威大廈地下C號舖 | O31: 更改新地址3.25 | Q31: 1
A32: SF5123535245429 | B32: 2026-03-20 | C32: 46104 | D32: {=_xlfn.WORKDAY.INTL(C32,3,"0000001",_xlfn._xlws.FILTER(Sheet1!$A:$A,Sheet1!$C:$C=0))} -> 46107 | E32: 拒收 | H32: Keeta005 | I32: 無紡布【規格三中號】 | K32: 484072 | L32: 韓味舍 (觀塘)滿滿韓意,可能係CP值最高韓國料理 | M32: 852-98218902 | N32: 九龍觀塘駿業街66號巧運工業大廈11樓C室D部份 | O32: 更改新地址3.25 | Q32: 1
A33: SF0225320244276 | B33: 2026-03-19 | C33: 46104 | D33: {=_xlfn.WORKDAY.INTL(C33,3,"0000001",_xlfn._xlws.FILTER(Sheet1!$A:$A,Sheet1!$C:$C=0))} -> 46107 | E33: 未聯繫上 | L33: 不變 | M33: 63398664 | N33: 不變 | O33: 更新收件電話, 收方表示放門口就可以了3.24 | Q33: 1
A34: SF5123144662722 | B34: 2026-03-18 | C34: 46106 | D34: {=_xlfn.WORKDAY.INTL(C34,3,"0000001",_xlfn._xlws.FILTER(Sheet1!$A:$A,Sheet1!$C:$C=0))} -> 46109 | E34: 收方要求轉寄 | F34: 收方稱寄方填錯地址，正確為地址為偉業街22號7樓E室R2 | L34: 不變 | M34: 不變 | N34: 觀塘偉業街22號7樓E室R2 | O34: 更改新地址3.25 | Q34: 1
A35: SF5125001441311 | B35: 2026-03-23 | C35: 46106 | D35: {=_xlfn.WORKDAY.INTL(C35,3,"0000001",_xlfn._xlws.FILTER(Sheet1!$A:$A,Sheet1!$C:$C=0))} -> 46109 | E35: 拒收 | H35: Keeta008 | I35: 紙袋【通版】 | K35: 462144 | L35: PretAManger(AIATower友邦廣場) | M35: 852-25457908 | N35: 北角電氣道183號友邦廣場地下S1號鋪 | O35: 更改新地址3.26 | Q35: 1
A36: SF5125645959615 | B36: 46106 | C36: 46107 | D36: {=_xlfn.WORKDAY.INTL(C36,3,"0000001",_xlfn._xlws.FILTER(Sheet1!$A:$A,Sheet1!$C:$C=0))} -> 46111 | E36: 收方要求轉寄 | L36: 不變 | M36: 不變 | N36: 九龍九龍灣德福廣場一期F28號舖 | O36: 更改新地址3.26 | Q36: 1
A37: SF0221880676320 | B37: 46105 | C37: 46107 | D37: {=_xlfn.WORKDAY.INTL(C37,3,"0000001",_xlfn._xlws.FILTER(Sheet1!$A:$A,Sheet1!$C:$C=0))} -> 46111 | E37: 未聯繫上 | L37: 不變 | M37: 65860478 | N37: 九龍觀塘成業街19-21號成業工業大廈1樓22室 | O37: 更改新地址3.26 | Q37: 1
A38: SF5133475573365 | B38: 2026-03-24 | C38: 46107 | D38: {=_xlfn.WORKDAY.INTL(C38,3,"0000001",_xlfn._xlws.FILTER(Sheet1!$A:$A,Sheet1!$C:$C=0))} -> 46111 | E38: 未聯繫上 | H38: Keeta008 | I38: 紙袋【通版】 | K38: 584387 | L38: MOSCafé(戲曲中心) | M38: 852-25504169 | N38: 尖沙咀柯士甸道西88號戲曲中心地庫二樓02鋪 | O38: 更改新地址3.26 | Q38: 1
A39: SF5125464786702 | B39: 2026-03-24 | C39: 46107 | D39: {=_xlfn.WORKDAY.INTL(C39,3,"0000001",_xlfn._xlws.FILTER(Sheet1!$A:$A,Sheet1!$C:$C=0))} -> 46111 | E39: 未聯繫上 | I39: POS機+新店禮包 | L39: 不變 | M39: 不變 | N39: 不變 | O39: 30/3/2026 | P39: 寄方表示放門口OK | Q39: 1
A40: SF5133475573286 | B40: 2026-03-24 | C40: 46107 | D40: {=_xlfn.WORKDAY.INTL(C40,3,"0000001",_xlfn._xlws.FILTER(Sheet1!$A:$A,Sheet1!$C:$C=0))} -> 46111 | E40: 未聯繫上 | H40: Keeta008 | I40: 紙袋【通版】 | K40: 597565 | L40: MOSCafé(奧海城) | M40: 852-29972879 | N40: 大角咀海輝道11號奧海城一期UG樓UG23&25號舖 | O40: 更改新地址3.26 | Q40: 1
A41: SF5125294610376 | B41: 2026-03-27 | C41: 46111 | D41: {=_xlfn.WORKDAY.INTL(C41,3,"0000001",_xlfn._xlws.FILTER(Sheet1!$A:$A,Sheet1!$C:$C=0))} -> 46114 | E41: 拒收 | G41: 484893 | H41: Keeta006 | I41: 無紡布【規格四大號】 | J41: 1 | K41: 823020 | L41: 東海堂(銅鑼灣蘭芳道)AromeBakery | M41: 852-29819906 | N41: 香港銅鑼灣蘭芳道1號 地下1號舖 | O41: 更改新地址3.31 | Q41: 1
A42: SF5125294614082 | B42: 2026-03-27 | C42: 46111 | D42: {=_xlfn.WORKDAY.INTL(C42,3,"0000001",_xlfn._xlws.FILTER(Sheet1!$A:$A,Sheet1!$C:$C=0))} -> 46114 | E42: 拒收 | G42: 491486 | H42: Keeta006 | I42: 無紡布【規格四大號】 | J42: 1 | K42: 865749 | L42: 東海堂(將軍澳廣場)AromeBakery | M42: 852-35684475 | N42: 新界將軍澳唐德街1號將軍澳廣場1樓1-078號舖 | O42: 更改新地址3.31 | Q42: 1
A43: SF0227080854043 | B43: 2026-03-26 | C43: 46111 | D43: {=_xlfn.WORKDAY.INTL(C43,3,"0000001",_xlfn._xlws.FILTER(Sheet1!$A:$A,Sheet1!$C:$C=0))} -> 46114 | E43: 未聯繫上 | G43: 721530351 | I43: POS機+新店禮包 | J43: 1 | K43: 不變 | L43: 不變 | M43: 98798128 | N43: 太古城中心2期B1樓APITATKS-04號鋪 | O43: 更改新地址4.2 | Q43: 1
A44: SF5125294610385 | B44: 2026-03-27 | C44: 46111 | D44: {=_xlfn.WORKDAY.INTL(C44,3,"0000001",_xlfn._xlws.FILTER(Sheet1!$A:$A,Sheet1!$C:$C=0))} -> 46114 | E44: 拒收 | G44: 603724 | H44: Keeta008 | I44: 紙袋【通版】 | J44: 1 | K44: 491458 | L44: BrunchClubAlldayBreakfast | M44: 852-25268861 | N44: 蘇豪卑利街70號地下 | O44: 更改新地址3.31 | Q44: 1
A45: SF5125294610233 | B45: 2026-03-27 | C45: 46111 | D45: {=_xlfn.WORKDAY.INTL(C45,3,"0000001",_xlfn._xlws.FILTER(Sheet1!$A:$A,Sheet1!$C:$C=0))} -> 46114 | E45: 拒收 | G45: 471770 | H45: Keeta005 | I45: 無紡布【規格三中號】 | J45: 2 | K45: 468581 | L45: ProteinMatters蛋白質料理所 | M45: 852-68985957 | N45: 2樓Freshlane德輔道西103號29號廚房 | O45: 更改新地址3.31 | Q45: 1
A46: SF5125294614683 | B46: 2026-03-27 | C46: 46111 | D46: {=_xlfn.WORKDAY.INTL(C46,3,"0000001",_xlfn._xlws.FILTER(Sheet1!$A:$A,Sheet1!$C:$C=0))} -> 46114 | E46: 拒收 | G46: 451893 | H46: Keeta006 | I46: 無紡布【規格四大號】 | J46: 1 | K46: 570932 | L46: MoreYogurt（屯門店） | M46: 852-60111926 | N46: 屯門市廣場一期2樓2256 B號舖 | O46: 更改新地址3.31 | Q46: 1
A47: SF5125294614170 | B47: 2026-03-27 | C47: 46111 | D47: {=_xlfn.WORKDAY.INTL(C47,3,"0000001",_xlfn._xlws.FILTER(Sheet1!$A:$A,Sheet1!$C:$C=0))} -> 46114 | E47: 拒收 | G47: 475276 | H47: Keeta006 | I47: 無紡布【規格四大號】 | J47: 1 | K47: 721452316 | L47: MoreYogurt（大圍店） | M47: 852-61562937 | N47: 新界大圍車公廟路18號圍方2樓239B號舖小部份 | O47: 更改新地址3.31 | Q47: 1
A48: SF5125294614601 | B48: 2026-03-27 | C48: 46111 | D48: {=_xlfn.WORKDAY.INTL(C48,3,"0000001",_xlfn._xlws.FILTER(Sheet1!$A:$A,Sheet1!$C:$C=0))} -> 46114 | E48: 拒收 | G48: 495055 | H48: Keeta006 | I48: 無紡布【規格四大號】 | J48: 1 | K48: 721437373 | L48: MoreYogurt（元朗店） | M48: 852-61578714 | N48: 新界元朗朗樂路1號元點一樓B112號舖 | O48: 更改新地址3.31 | Q48: 1
A49: SF5132256399116 | B49: 2026-03-26 | C49: 46111 | D49: {=_xlfn.WORKDAY.INTL(C49,3,"0000001",_xlfn._xlws.FILTER(Sheet1!$A:$A,Sheet1!$C:$C=0))} -> 46114 | E49: 未聯繫上 | G49: 721530351 | H49: Keeta008 | I49: 紙袋【通版】 | J49: 1 | K49: 721528308 | L49: 冬藏新開送可樂6折豪華丼烏冬串燒日本丼魂20年 | M49: 852-95299864 | N49: 香港尖沙咀加連威老道58號舖 | O49: 更改新地址3.31 | Q49: 1
A50: SF5125294614277 | B50: 2026-03-27 | C50: 46111 | D50: {=_xlfn.WORKDAY.INTL(C50,3,"0000001",_xlfn._xlws.FILTER(Sheet1!$A:$A,Sheet1!$C:$C=0))} -> 46114 | E50: 拒收 | G50: 455523 | H50: Keeta006 | I50: 無紡布【規格四大號】 | J50: 1 | K50: 721428302 | L50: 蟹八爺（全場85折） | M50: 852-67999663 | N50: 香港尖沙咀厚福街5-6號多富閣地下5號舖 | O50: 更改新地址3.31 | Q50: 1
A51: SF5125294614868 | B51: 2026-03-27 | C51: 46111 | D51: {=_xlfn.WORKDAY.INTL(C51,3,"0000001",_xlfn._xlws.FILTER(Sheet1!$A:$A,Sheet1!$C:$C=0))} -> 46114 | E51: 未聯繫上 | G51: 472849 | H51: Keeta008 | I51: 紙袋【通版】 | J51: 1 | K51: 721434359 | L51: 玥莊by越姑娘（杜小姐）越式料理（正宗越南料理） | M51: 852-62536657 | N51: 荃灣圓墩圍71號友聯樓地下17號舖 | O51: 更改新地址4.1 | Q51: 1
A52: SF5125294614674 | B52: 2026-03-27 | C52: 46111 | D52: {=_xlfn.WORKDAY.INTL(C52,3,"0000001",_xlfn._xlws.FILTER(Sheet1!$A:$A,Sheet1!$C:$C=0))} -> 46114 | E52: 拒收 | G52: 485162 | H52: Keeta008 | I52: 紙袋【通版】 | J52: 1 | K52: 592937 | L52: PretAManger(LeeGardens利園二期) | M52: 852-28948887 | N52: 銅鑼灣恩平道28號利園二期G12號舖 | O52: 更改新地址3.31 | Q52: 1
A53: SF5125294614859 | B53: 2026-03-27 | C53: 46111 | D53: {=_xlfn.WORKDAY.INTL(C53,3,"0000001",_xlfn._xlws.FILTER(Sheet1!$A:$A,Sheet1!$C:$C=0))} -> 46114 | E53: 拒收 | G53: 468622 | H53: Keeta006 | I53: 無紡布【規格四大號】 | J53: 1 | K53: 580715 | L53: 麵屋龍平樂富店（全場7折） | M53: 852-56329938 | N53: 聯合道198號樂富廣場2樓UNY美食廣場 | O53: 更改新地址3.31 | Q53: 1
A54: SF5125294614259 | B54: 2026-03-27 | C54: 46111 | D54: {=_xlfn.WORKDAY.INTL(C54,3,"0000001",_xlfn._xlws.FILTER(Sheet1!$A:$A,Sheet1!$C:$C=0))} -> 46114 | E54: 拒收 | G54: 455398 | H54: Keeta005 | I54: 無紡布【規格三中號】 | J54: 4 | K54: 721441295 | L54: 前上環名店老師傅每日鮮製宜貫養生燉品簡餐炒餸（絕冇預製） | M54: 852-51163877 | N54: 九龍靚塘觀塘道404號時運工業大廈8樓H室H1部份 | O54: 更改新地址4.2 | Q54: 1
A55: SF6016503210535 | B55: 2026-03-30 | C55: 46113 | D55: {=_xlfn.WORKDAY.INTL(C55,3,"0000001",_xlfn._xlws.FILTER(Sheet1!$A:$A,Sheet1!$C:$C=0))} -> 46121 | E55: 未聯繫上 | G55: 721432295 | H55: Keeta005 | I55: 無紡布【規格三中號】 | J55: 2 | K55: 721527334 | L55: Park Mountain 山之料理 | M55: 852-46789618 | N55: 九龍九龍城啟德啟德體育園啟德零售館3 G/F M3/001號舖 | O55: 更改新地址4.1 | Q55: 1
... A66: SF5193149517212 | B66: 2026-04-08 | C66: 46122 | D66: {=_xlfn.WORKDAY.INTL(C66,3,"0000001",_xlfn._xlws.FILTER(Sheet1!$A:$A,Sheet1!$C:$C=0))} -> 46126 | E66: 結業 | G66: 579850 | H66: Keeta008 | I66: 紙袋【通版】 | J66: 3 | K66: 468596 | L66: 麥當勞(淘大II)McDonalds | M66: 852-27986967 | N66: 九龍牛頭角道77號淘大花園商場第二期地下G246-253號舖 | O66: 更改新地址4.13 | Q66: 1
A67: SF5139619779019 | B67: 2026-04-10 | C67: 46125 | D67: {=_xlfn.WORKDAY.INTL(C67,3,"0000001",_xlfn._xlws.FILTER(Sheet1!$A:$A,Sheet1!$C:$C=0))} -> 46128 | E67: 拒收 | G67: 471770 | H67: Keeta005 | I67: 無紡布【規格三中號】 | J67: 2 | Q67: 1
A68: SF5139619758798 | B68: 2026-04-10 | C68: 46125 | D68: {=_xlfn.WORKDAY.INTL(C68,3,"0000001",_xlfn._xlws.FILTER(Sheet1!$A:$A,Sheet1!$C:$C=0))} -> 46128 | E68: 拒收 | G68: 476114 | H68: Keeta006 | I68: 無紡布【規格四大號】 | J68: 2 | K68: 602795 | L68: 忠記粥品招牌粥品爽滑腸粉(啟業邨) | M68: 852-26378263 | N68: 啟業商場地下3號舖 | O68: 更改新地址4.14 | Q68: 1
A69: SF5139619758822 | B69: 2026-04-10 | C69: 46125 | D69: {=_xlfn.WORKDAY.INTL(C69,3,"0000001",_xlfn._xlws.FILTER(Sheet1!$A:$A,Sheet1!$C:$C=0))} -> 46128 | E69: 拒收 | G69: 468622 | H69: Keeta006 | I69: 無紡布【規格四大號】 | J69: 1 | K69: 721440393 | L69: 忠記粥品招牌粥品爽滑腸粉（觀塘） | M69: 852-60145233 | N69: 九龍觀塘物華街43號華安大廈1號舖 | O69: 更改新地址4.14 | Q69: 1
A70: SF0224051939260 | B70: 2026-04-09 | C70: 46125 | D70: {=_xlfn.WORKDAY.INTL(C70,3,"0000001",_xlfn._xlws.FILTER(Sheet1!$A:$A,Sheet1!$C:$C=0))} -> 46128 | E70: 未聯繫上 | G70: 721441292 | H70: Keeta006 | I70: 無紡布【規格四大號】 | J70: 1 | K70: 721440393 | L70: 忠記粥品招牌粥品爽滑腸粉（觀塘） | M70: 852-60145233 | N70: 九龍觀塘物華街43號華安大廈1號舖 | O70: 更改新地址4.14 | Q70: 1
A71: SF5139619779213 | B71: 2026-04-10 | C71: 46125 | D71: {=_xlfn.WORKDAY.INTL(C71,3,"0000001",_xlfn._xlws.FILTER(Sheet1!$A:$A,Sheet1!$C:$C=0))} -> 46128 | E71: 拒收 | G71: 455523 | H71: Keeta006 | I71: 無紡布【規格四大號】 | J71: 1 | K71: 721518326 | L71: 福記私房菜 | M71: 852-68229628 | N71: 北角渣華道3-5A號, Circle Court, 地鋪及1/F | O71: 更改新地址4.14 | Q71: 1
A72: SF5139619758531 | B72: 2026-04-10 | C72: 46125 | D72: {=_xlfn.WORKDAY.INTL(C72,3,"0000001",_xlfn._xlws.FILTER(Sheet1!$A:$A,Sheet1!$C:$C=0))} -> 46128 | E72: 拒收 | G72: 484742 | H72: Keeta006 | I72: 無紡布【規格四大號】 | J72: 1 | K72: 721518326 | L72: 福記私房菜 | M72: 852-68229628 | N72: 北角渣華道3-5A號, Circle Court, 地鋪及1/F | O72: 更改新地址4.14 | Q72: 1
A73: SF5192226462517 | B73: 2026-04-10 | C73: 46125 | D73: {=_xlfn.WORKDAY.INTL(C73,3,"0000001",_xlfn._xlws.FILTER(Sheet1!$A:$A,Sheet1!$C:$C=0))} -> 46128 | E73: 已搬 | G73: 478451 | H73: Keeta006 | I73: 無紡布【規格四大號】 | J73: 1 | K73: 613797 | L73: 林記車仔麵LamKeeCartNoodles | M73: 852-25358829 | N73: 筲箕灣道57-87號太安樓地下A12舖 | O73: 更改新地址4.14 | Q73: 1
A74: SF5139619758965 | B74: 2026-04-10 | C74: 46125 | D74: {=_xlfn.WORKDAY.INTL(C74,3,"0000001",_xlfn._xlws.FILTER(Sheet1!$A:$A,Sheet1!$C:$C=0))} -> 46128 | E74: 拒收 | G74: 475276 | H74: Keeta006 | I74: 無紡布【規格四大號】 | J74: 1 | K74: 613797 | L74: 林記車仔麵LamKeeCartNoodles | M74: 852-25358829 | N74: 筲箕灣道57-87號太安樓地下A12舖 | O74: 更改新地址4.14 | Q74: 1
A75: SF5139619758019 | B75: 2026-04-10 | C75: 46125 | D75: {=_xlfn.WORKDAY.INTL(C75,3,"0000001",_xlfn._xlws.FILTER(Sheet1!$A:$A,Sheet1!$C:$C=0))} -> 46128 | E75: 拒收 | G75: 468479 | H75: Keeta005 | I75: 無紡布【規格三中號】 | J75: 1 | K75: 721532362 | L75: 寶斯重慶紙包魚（鑫聚海鮮） | M75: 852-59353932 | N75: 香港油麻地吳松街66號 | O75: 更改新地址4.14 | Q75: 1
A76: SF5139619779198 | B76: 2026-04-10 | C76: 46125 | D76: {=_xlfn.WORKDAY.INTL(C76,3,"0000001",_xlfn._xlws.FILTER(Sheet1!$A:$A,Sheet1!$C:$C=0))} -> 46128 | E76: 拒收 | G76: 478699 | H76: Keeta006 | I76: 無紡布【規格四大號】 | J76: 1 | K76: 721436413 | L76: SAMSIC正宗韓式炸雞 | M76: 852-93562260 | N76: 香港新界元朗民合徑8號幸福樓二期地下1號舖 | O76: 更改新地址4.14 | Q76: 1
A77: SF5139619758152 | B77: 2026-04-10 | C77: 46125 | D77: {=_xlfn.WORKDAY.INTL(C77,3,"0000001",_xlfn._xlws.FILTER(Sheet1!$A:$A,Sheet1!$C:$C=0))} -> 46128 | E77: 拒收 | G77: 484893 | H77: Keeta006 | I77: 無紡布【規格四大號】 | J77: 1 | K77: 721436413 | L77: SAMSIC正宗韓式炸雞 | M77: 852-93562260 | N77: 香港新界元朗民合徑8號幸福樓二期地下1號舖 | O77: 更改新地址4.14 | Q77: 1
A78: SF5139619758886 | B78: 2026-04-10 | C78: 46125 | D78: {=_xlfn.WORKDAY.INTL(C78,3,"0000001",_xlfn._xlws.FILTER(Sheet1!$A:$A,Sheet1!$C:$C=0))} -> 46128 | E78: 拒收 | G78: 495055 | H78: Keeta006 | I78: 無紡布【規格四大號】 | J78: 1 | K78: 600929 | L78: 八敍美食 | M78: 852-91949990 | N78: 媽廟路12-42號永發大廈地下J號舖 | O78: 更改新地址4.14 | Q78: 1
A79: SF5139619779356 | B79: 2026-04-10 | C79: 46125 | D79: {=_xlfn.WORKDAY.INTL(C79,3,"0000001",_xlfn._xlws.FILTER(Sheet1!$A:$A,Sheet1!$C:$C=0))} -> 46128 | E79: 拒收 | G79: 451893 | H79: Keeta006 | I79: 無紡布【規格四大號】 | J79: 1 | K79: 600929 | L79: 八敍美食 | M79: 852-91949990 | N79: 媽廟路12-42號永發大廈地下J號舖 | O79: 更改新地址4.14 | Q79: 1
... A83: SF5139619779365 | B83: 2026-04-10 | C83: 46125 | D83: {=_xlfn.WORKDAY.INTL(C83,3,"0000001",_xlfn._xlws.FILTER(Sheet1!$A:$A,Sheet1!$C:$C=0))} -> 46128 | E83: 拒收 | G83: 721424348 | H83: Keeta008 | I83: 紙袋【通版】 | J83: 2 | K83: 721530341 | L83: SINOPEC中石化會展便利店 | M83: 852-63665569 | N83: 灣仔港灣道1號會展辦公大樓21樓 | O83: 更改新地址4.14 | Q83: 1
A84: SF5139619758204 | B84: 2026-04-10 | C84: 46125 | D84: {=_xlfn.WORKDAY.INTL(C84,3,"0000001",_xlfn._xlws.FILTER(Sheet1!$A:$A,Sheet1!$C:$C=0))} -> 46128 | E84: 未聯繫上 | G84: 577801 | H84: Keeta006 | I84: 無紡布【規格四大號】 | J84: 1 | Q84: 1
A85: SF5192075525658 | B85: 46125.559 | C85: 46126 | D85: {=_xlfn.WORKDAY.INTL(C85,3,"0000001",_xlfn._xlws.FILTER(Sheet1!$A:$A,Sheet1!$C:$C=0))} -> 46129 | E85: 未聯繫上 | G85: 721526372 | I85: POS機+新店禮包 | J85: 1 | M85: 852-44248543 | N85: 地址不變 | O85: 更改新地址4.16 | Q85: 1
A86: SF5139769503424 | B86: 46125.56 | C86: 46126 | D86: {=_xlfn.WORKDAY.INTL(C86,3,"0000001",_xlfn._xlws.FILTER(Sheet1!$A:$A,Sheet1!$C:$C=0))} -> 46129 | E86: 未聯繫上 | G86: 721527353 | I86: POS機+新店禮包 | J86: 1 | L86: Puradak Chicken SYP | M86: 852-95484182 | N86: 上環德輔道西103號樂基商業中心1樓Kitchen 5 | O86: 更改新地址4.16 | Q86: 1
A87: SF5192075525127 | B87: 46125.56 | C87: 46127 | D87: {=_xlfn.WORKDAY.INTL(C87,3,"0000001",_xlfn._xlws.FILTER(Sheet1!$A:$A,Sheet1!$C:$C=0))} -> 46130 | E87: 未聯繫上 | G87: 721530355 | I87: POS機+新店禮包 | J87: 1 | K87: 721530355 | L87: MISSY FLORAL | M87: 90441814 | N87: FLAT/RM 2A 1/F 463 463 KING'S ROAD NORTH POINT HK | O87: 更改新地址4.16 | Q87: 1
A88: SF5130308862258 | B88: 46127.747 | C88: 46128 | D88: {=_xlfn.WORKDAY.INTL(C88,3,"0000001",_xlfn._xlws.FILTER(Sheet1!$A:$A,Sheet1!$C:$C=0))} -> 46132 | E88: 電話號碼異常 | G88: 721523328 | H88: Keeta008 | I88: 紙袋【通版】 | J88: 1 | N88: 物料商家說放門口即可 | O88: 更改新地址4.16 | Q88: 1
A89: SF5130308863253 | B89: 46127.746 | C89: 46128 | D89: {=_xlfn.WORKDAY.INTL(C89,3,"0000001",_xlfn._xlws.FILTER(Sheet1!$A:$A,Sheet1!$C:$C=0))} -> 46132 | E89: 拒收 | G89: 721528361 | H89: Keeta008 | I89: 紙袋【通版】 | J89: 1 | Q89: 1
A90: SF5130273906415 | B90: 46128 | C90: 46132 | D90: {=_xlfn.WORKDAY.INTL(C90,3,"0000001",_xlfn._xlws.FILTER(Sheet1!$A:$A,Sheet1!$C:$C=0))} -> 46135 | E90: 未聯繫上 | G90: 721531351 | I90: POS機+新店禮包 | J90: 1 | M90: 66177702 | O90: 更改新地址4.22 | Q90: 1 | R90: 已變更電話待派送4.30
A91: SF0225822760284 | B91: 46129 | C91: 46132 | D91: {=_xlfn.WORKDAY.INTL(C91,3,"0000001",_xlfn._xlws.FILTER(Sheet1!$A:$A,Sheet1!$C:$C=0))} -> 46135 | E91: 未聯繫上 | G91: 721538363 | I91: POS機+新店禮包 | J91: 1 | Q91: 1
A92: SF0221592609540 | B92: 46129 | C92: 46132 | D92: {=_xlfn.WORKDAY.INTL(C92,3,"0000001",_xlfn._xlws.FILTER(Sheet1!$A:$A,Sheet1!$C:$C=0))} -> 46135 | E92: 拒收 | G92: 468045 | H92: Keeta008 | I92: 紙袋【通版】 | J92: 2 | K92: 465091 | L92: 麥當勞(杏花邨)McDonalds | M92: 852-28965292 | N92: '香港柴灣盛泰道100號杏花邨杏花新城地下G46舖 | O92: 更改新地址4.21 | Q92: 1
A93: SF5192562960999 | B93: 46129 | C93: 46132 | D93: {=_xlfn.WORKDAY.INTL(C93,3,"0000001",_xlfn._xlws.FILTER(Sheet1!$A:$A,Sheet1!$C:$C=0))} -> 46135 | E93: 拒收 | G93: 468104 | H93: Keeta008 | I93: 紙袋【通版】 | J93: 4 | K93: 475088 | L93: 麥當勞(大圍)McDonalds | M93: 852-26089197 | N93: 新界大圍大圍道37-47號耀寶大廈地下1號鋪及1樓全層 | O93: 更改新地址4.21 | Q93: 1
A94: SF5192562960140 | B94: 46129 | C94: 46132 | D94: {=_xlfn.WORKDAY.INTL(C94,3,"0000001",_xlfn._xlws.FILTER(Sheet1!$A:$A,Sheet1!$C:$C=0))} -> 46135 | E94: 拒收 | G94: 721436337 | H94: Keeta008 | I94: 紙袋【通版】 | J94: 2 | K94: 606158 | L94: 麥當勞(白田)McDonalds | M94: 852-29157338 | N94: 深水埗白田邨(第七期及第八期)白田商場LG403號 | O94: 更改新地址4.21 | Q94: 1
A95: SF5130991070991 | B95: 46129 | C95: 46132 | D95: {=_xlfn.WORKDAY.INTL(C95,3,"0000001",_xlfn._xlws.FILTER(Sheet1!$A:$A,Sheet1!$C:$C=0))} -> 46135 | E95: 未聯繫上 | G95: 721538363 | H95: Keeta008 | I95: 紙袋【通版】 | J95: 1 | K95: 468687 | L95: NaraThaiCuisine泰國米芝蓮推薦泰菜新城市廣場 | M95: 852-31881138 | N95: 沙田正街18號新城市廣場一期5樓507號舖 | O95: 更改新地址4.21 | Q95: 1
A96: SF5192562960061 | B96: 46129 | C96: 46132 | D96: {=_xlfn.WORKDAY.INTL(C96,3,"0000001",_xlfn._xlws.FILTER(Sheet1!$A:$A,Sheet1!$C:$C=0))} -> 46135 | E96: 拒收 | G96: 471770 | H96: Keeta005 | I96: 無紡布【規格三中號】 | J96: 3 | K96: 491078 | L96: 聚椒（鮮甜花甲粉濃湯裹粉一啜入魂爽到上癮） | M96: 852-91238057 | N96: 大角咀鐵樹街19號金堂閣地下17A號舖 | O96: 更改新地址4.21 | Q96: 1
A97: SF5130880787703 | B97: 46133 | C97: 46135 | D97: {=_xlfn.WORKDAY.INTL(C97,3,"0000001",_xlfn._xlws.FILTER(Sheet1!$A:$A,Sheet1!$C:$C=0))} -> 46139 | E97: 未聯繫上 | G97: 721523357 | I97: POS機+新店禮包 | J97: 1 | M97: 66456444 | N97: 新界大埔安慈路昌運中心55舗 | O97: 更改新地址4.22 | Q97: 1 | R97: 已變更電話待派送4.24
A98: SF5130880787712 | B98: 46133 | C98: 46135 | D98: {=_xlfn.WORKDAY.INTL(C98,3,"0000001",_xlfn._xlws.FILTER(Sheet1!$A:$A,Sheet1!$C:$C=0))} -> 46139 | E98: 未聯繫上 | G98: 721529371 | I98: POS機+新店禮包 | J98: 1 | K98: 721529371 | L98: 滷肉飯 | M98: 852-52487675 | N98: 觀塘偉業街221號美德工業大廈F座10樓F室 | O98: 更改新地址4.24 | Q98: 1 | R98: 已通知轉寄4.24
A99: SF0228883043695 | B99: 46133 | C99: 46135 | D99: {=_xlfn.WORKDAY.INTL(C99,3,"0000001",_xlfn._xlws.FILTER(Sheet1!$A:$A,Sheet1!$C:$C=0))} -> 46139 | E99: 未聯繫上 | G99: 721525377 | H99: Keeta008 | I99: 紙袋【通版】 | J99: 1 | Q99: 1
A100: SF5199282455662 | B100: 46133 | C100: 46135 | D100: {=_xlfn.WORKDAY.INTL(C100,3,"0000001",_xlfn._xlws.FILTER(Sheet1!$A:$A,Sheet1!$C:$C=0))} -> 46139 | E100: 拒收 | G100: 721528364 | I100: POS機+新店禮包 | J100: 1 | K100: 721531360 | L100: Lavazza（世貿中心店） | M100: 852-67736814 | N100: 香港銅鑼灣告士打道280號世貿中心3樓L3-10及L3-21A號鋪 | O100: 更改新地址4.24 | Q100: 1 | R100: 已通知轉寄4.24
A101: SF0222723123978 | B101: 46133 | C101: 46135 | D101: {=_xlfn.WORKDAY.INTL(C101,3,"0000001",_xlfn._xlws.FILTER(Sheet1!$A:$A,Sheet1!$C:$C=0))} -> 46139 | E101: 未聯繫上 | G101: 721525377 | I101: POS機+新店禮包 | J101: 1 | N101: 新界荃灣大壩街4-30號荃灣廣場2樓245-247鋪 | O101: 更改新地址4.24 | Q101: 1 | R101: 已通知後續安排再派4.24
A102: SF0225743253121 | B102: 46134 | C102: 46136 | D102: {=_xlfn.WORKDAY.INTL(C102,3,"0000001",_xlfn._xlws.FILTER(Sheet1!$A:$A,Sheet1!$C:$C=0))} -> 46140 | E102: 未聯繫上 | I102: POS機+新店禮包 | K102: 721530372 | Q102: 1
A103: SF5199914970189 | B103: 46134 | C103: 46136 | D103: {=_xlfn.WORKDAY.INTL(C103,3,"0000001",_xlfn._xlws.FILTER(Sheet1!$A:$A,Sheet1!$C:$C=0))} -> 46140 | E103: 拒收 | G103: 721532382 | I103: 紙袋【通版】 | K103: 721532382 | M103: 63615742 | N103: 404room， block B Texaco Road Industrial Centre Block B , 14-22 Wang lung street ,tsuen wan (放門外） | O103: 寄方要求更改404room， block B Texaco Road Industrial Centre Block B , 14-22 Wang lung street ,tsuen wan (放門外）派送，但收到收方來電要轉寄到：上環永樂街148號1樓G室，麻煩請貴司協助核實，謝謝。 | Q103: 1
A104: SF5130731292676 | B104: 46135 | C104: 46136 | D104: {=_xlfn.WORKDAY.INTL(C104,3,"0000001",_xlfn._xlws.FILTER(Sheet1!$A:$A,Sheet1!$C:$C=0))} -> 46140 | E104: 未聯繫上 | I104: 已簽收 | Q104: 1
A105: SF0225743252417 | B105: 46134 | C105: 46136 | D105: {=_xlfn.WORKDAY.INTL(C105,3,"0000001",_xlfn._xlws.FILTER(Sheet1!$A:$A,Sheet1!$C:$C=0))} -> 46140 | E105: 拒收 | G105: 721532382 | I105: POS機+新店禮包 | K105: 721532382 | M105: 63615742 | N105: 404room， block B Texaco Road Industrial Centre Block B , 14-22 Wang lung street ,tsuen wan (放門外） | O105: 寄方要求更改404room， block B Texaco Road Industrial Centre Block B , 14-22 Wang lung street ,tsuen wan (放門外）派送，但收到收方來電要轉寄到：上環永樂街148號1樓G室，麻煩請貴司協助核實，謝謝。 | Q105: 1
A106: SF5199914970107 | B106: 46134 | C106: 46136 | D106: {=_xlfn.WORKDAY.INTL(C106,3,"0000001",_xlfn._xlws.FILTER(Sheet1!$A:$A,Sheet1!$C:$C=0))} -> 46140 | E106: 未聯繫上 | I106: 紙袋【通版】 | K106: 721530372 | Q106: 1
A107: SF5199282455671 | B107: 46133 | C107: 46139 | D107: 46144 | E107: 回收再轉寄 | Q107: 1 | R107: 此件已有回收，如5月2日沒有回復轉寄地址會安排退回謝謝 4.29
A108: SF5199282455801 | B108: 46133 | C108: 46139 | D108: 46144 | E108: 回收再轉寄 | Q108: 1 | R108: 快件已簽收，如需要回收再轉寄，請需要提供轉寄地址我司再安排謝謝4.29
A109: SF5130880784921 | B109: 46133 | C109: 46139 | D109: 46144 | E109: 回收再轉寄 | Q109: 1 | R109: 快件已簽收，如需要回收再轉寄，請需要提供轉寄地址我司再安排謝謝4.29
A110: SF5199282455680 | B110: 46133 | C110: 46139 | D110: 46144 | E110: 回收再轉寄 | Q110: 1 | R110: 快件已簽收，如需要回收再轉寄，請需要提供轉寄地址我司再安排謝謝4.29
A111: SF5199282455829 | B111: 46133 | C111: 46139 | D111: 46144 | E111: 回收再轉寄 | Q111: 1 | R111: 快件已簽收，如需要回收再轉寄，請需要提供轉寄地址我司再安排謝謝4.29
A112: SF5199282455440 | B112: 46133 | C112: 46139 | D112: 46144 | E112: 回收再轉寄 | Q112: 1 | R112: 快件已簽收，如需要回收再轉寄，請需要提供轉寄地址我司再安排謝謝4.29
A113: SF5130880784994 | B113: 46133.48 | C113: 46139 | D113: 46144 | E113: 回收再轉寄 | Q113: 1 | R113: 快件已簽收，如需要回收再轉寄，請需要提供轉寄地址我司再安排謝謝4.29
A114: SF0222723123941 | B114: 46133.48 | C114: 46139 | D114: 46144 | E114: 回收再轉寄 | Q114: 1 | R114: 快件已簽收，如需要回收再轉寄，請需要提供轉寄地址我司再安排謝謝4.29
A115: SF5199282455644 | B115: 46133.48 | C115: 46139 | D115: 46144 | E115: 回收再轉寄 | Q115: 1 | R115: 快件已簽收，如需要回收再轉寄，請需要提供轉寄地址我司再安排謝謝4.29
A116: SF5130777607710 | B116: 46136 | C116: 46139 | D116: 46144 | E116: 拒收 | Q116: 1
A117: SF5130777604752 | B117: 46136 | C117: 46140 | D117: 46146 | E117: 未聯繫上 | Q117: 1
A118: SF0229123873996 | B118: 46140 | C118: 46141 | D118: 46147 | E118: 收方地址不詳細 | Q118: 1
...

Sheet Sheet1
A1: 2026 | B1: 日期類型 | C1: 工作日
A2: 46023 | B2: 星期四 | C2: 0
A3: 46024 | B3: 星期五 | C3: 1
A4: 46025 | B4: 星期六 | C4: 1
A5: 46026 | B5: 星期日 | C5: 0
A6: 46027 | B6: 星期一 | C6: 1
A7: 46028 | B7: 星期二 | C7: 1
A8: 46029 | B8: 星期三 | C8: 1
A9: 46030 | B9: 星期四 | C9: 1
A10: 46031 | B10: 星期五 | C10: 1
A11: 46032 | B11: 星期六 | C11: 1
A12: 46033 | B12: 星期日 | C12: 0
A13: 46034 | B13: 星期一 | C13: 1
... A366: 46387 | B366: 星期四 | C366: 1
